Earthquake,Earthquake_Lat,Earthquake_Lon,Volcano,Volcano_Lat,Volcano_Lon,Distance_km
Q3984663,41.7,13.816666666,Q30144976,40.849575,14.107504,97.54
2008 Skåne County earthquake,55.56,13.6,Central Skåne Volcanic Province,55.992928,13.52097,48.46
2011 November Van earthquake,38.429,43.229,Гиреколь-тепе,39.1,43.416666666,76.25
1349 Apennine earthquakes,41.454308,14.123227,Camaldoli,40.8575,14.1914,66.53
1903 Malazgirt earthquake,39.14,42.65,Гиреколь-тепе,39.1,43.416666666,66.45
1688 Sannio earthquake,41.210318,14.663472,Camaldoli,40.8575,14.1914,55.78
Землетрясение в провинции Сальта; Аргентина (2010),-24.674,-65.043,Morro de los Volcanes,-25.3833,-65.0408,78.57
Землетрясение в Румынии,45.72,26.72,Чумэтул-Маре,46.13,25.88,79.51
1894 South Calabria earthquake,38.289,15.87,Стромболи,38.794166666,15.217777777,79.86
Горийское землетрясение,41.9,44.0,Тавкветили,41.6811,43.7214,33.58
1883 Casamicciola earthquake,40.75,13.916667,Q30144976,40.849575,14.107504,19.54
Помпейское землетрясение,40.7,14.5,Camaldoli,40.8575,14.1914,31.38
1994 Paez river earthquake,2.46,-75.68,Пурасе,2.314166666,-76.394166666,81.05
Q3984671,38.5226,16.2509,Стромболи,38.794166666,15.217777777,94.84
2009 Gulf of California earthquake,29.066,-112.871,Коронадо,29.083333333,-113.513333333,62.57
1935 Digor earthquake,40.3756,43.4125,Артени,40.375844444,43.784880555,31.62
1461 L'Aquila earthquake,42.308,13.543,Альгид,41.7267,12.7786,90.43
1986 Vrancea earthquake,45.547,26.316,Чумэтул-Маре,46.13,25.88,73.12
1349 Apennine earthquakes,41.582,13.907,Q30144976,40.849575,14.107504,83.06
Землетрясение в Спарте,37.08,22.43,Метана,37.615,23.336,99.85
Землетрясение Ноби,35.6,136.3,Хакусан,36.1,136.5,58.35
Землетрясение в Тюэцу,37.3,138.8,Mount Asakuksa,37.34365,139.23351,38.73
Мессинское землетрясение,38.15,15.683,Gran Cratere,38.40417,14.9657,68.81
1980 Irpinia earthquake,40.914,15.366,Camaldoli,40.8575,14.1914,99.19
Землетрясение в Авеццано,41.996555555,13.527222222,Альгид,41.7267,12.7786,69.01
Землетрясение Массауа 1921 года,15.6092,39.4453,Dola,15.072777777,39.756388888,68.11
1858 Hietsu earthquake,36.4,137.2,Washiba-Kumonotaira,36.408056,137.594167,35.37
Крымские землетрясения 1927 года,45.0,35.0,Магоби,44.464444444,34.101944444,92.75
1783 Calabrian earthquakes,38.3,15.97,Стромболи,38.794166666,15.217777777,85.49
1987 Edgecumbe earthquake,-37.88,176.84,Putauaki,-38.1,176.8,24.67
1756 Düren earthquake,50.8,6.47,Kalem,50.18587,6.61782,69.12
Q2274819,50.628055555,5.515,Q111209459,50.52603601,5.20320361,24.83
1575 Valdivia earthquake,-39.8,-73.2,Cerros de Punguichay,-39.4784,-72.2154,91.75
Землетрясение в Гватемале,15.32,-89.1,Q25175554,14.633333333,-89.366666666,81.21
2008 Lake Kivu earthquake,-2.314,28.896,Tshibinda,-2.316666666,28.75,16.24
March 2007 Sumatra earthquakes,-0.53626,100.49847,Талакмау,0.079166666,99.983333333,88.99
Землетрясение к юго-западу от Дельта; Мексика (2010),32.128,-115.303,Cerro Prieto,32.418,-115.308,32.16
2007 Mariana Islands earthquake,18.854,145.315,Асунсьон (вулкан),19.6925,145.403611111,93.28
1980 Irpinia earthquake,40.51,15.164,Camaldoli,40.8575,14.1914,90.82
1844 Salta earthquake,-24.8,-64.7,Morro de los Volcanes,-25.3833,-65.0408,73.19
Землетрясение в Турции,38.628,43.486,Гиреколь-тепе,39.1,43.416666666,52.74
Землетрясение на Суматре,-0.725,99.856,Талакмау,0.079166666,99.983333333,90.04
1992 Roermond earthquake,51.14805556,5.93694444,Q111209459,50.52603601,5.20320361,86.37
Землетрясение в Кютахья,39.137,29.074,Q6044027,38.620277777,28.430833333,80.03
2008 Iwate-Miyagi Nairiku earthquake,39.028333333,140.88,Mount Kurikoma,38.961111111,140.788888888,10.86
Землетрясение в Гватемале,13.987,-91.965,Santiaguito,14.7394,-91.5681,93.61
Землетрясение в Мьянме (2012),23.014,95.883,Singu Plateau,22.68333333,95.96666667,37.61
Афинское землетрясение,38.11,23.6,Сусаки,37.9367981,23.08720016,48.96
1973 Veracruz earthquake,18.51,-97.03,Las Cumbres,19.15,-97.27,75.22
Землетрясение в Амбато,-1.5,-78.2,Volcán Tungurahua,-1.46667,-78.42444,25.25
May 2006 Java earthquake,-7.962,110.458,Гунунг Мербабу,-7.455,110.44,56.11
Землетрясение на Филиппинах,9.964,123.246,Silay,10.76666667,123.23333333,88.79
Спитакское землетрясение,40.983333333,44.183333333,Ара лер,40.405555555,44.452222222,68.07
1887 Diano Marina earthquake,43.8833,8.03333,Q3471599,43.525,6.93722,96.9
Землетрясение в Кобе,34.598333,135.035,Takurayama,35.345833333,134.918055555,83.61
1976 Çaldıran-Muradiye earthquake,39.12,44.03,Тендюрек,39.3555574,43.8743324,29.4
1703 Genroku earthquake,34.7,139.8,Михара,34.7276,139.3988,36.88
Землетрясение в Манагуа,12.3,-86.1,Q21054839,12.233055555,-86.295277777,22.5
Землетрясение в Л’Акуиле,42.334,13.334,Альгид,41.7267,12.7786,81.64
2007 Solomon Islands earthquake,-8.481,156.978,Kana Keoki,-8.75,157.03,30.3
2007 Chūetsu offshore earthquake,37.535,138.446,Mount Kurohime,36.8175,138.1283,84.48
1999 Armenia; Colombia earthquake,4.5,-75.7,Santa Isabel,4.81666667,-75.36666667,50.93
Карпатское землетрясение,45.77,26.76,Чумэтул-Маре,46.13,25.88,79.1
1927 Aysén Region earthquake,-44.6,-73.0,Mentolat,-44.696666666,-73.075833333,12.31
2009 West Java earthquake,-7.778,107.328,Wayang-Windu,-7.208,107.63,71.31
Великое землетрясение Канто,35.3,139.5,Хаконе,35.23,139.023888888,44.01
2001 El Salvador earthquake,13.6,-88.96,Илопанго,13.66666667,-89.05,12.22
2006 Hawaii earthquake,19.82,-156.027,Мауна-Кеа,19.820555555,-155.468055555,58.56
2009 Costa Rica earthquake,10.197,-84.159,Поас,10.1978153,-84.2302979,7.81
1964 Niigata earthquake,38.37,139.22,Hijiori,38.605833,140.178333,87.61
Q2889662,-28.65,-68.4,Cerro Volcán,-27.7945,-68.4348,94.87
Землетрясение в Греции (1928),38.0,23.0,Сусаки,37.9367981,23.08720016,10.39
1843 Wanganui earthquake,-39.93333333,175.05,Руапеху,-39.283333333,175.566666666,84.72
2008 Iceland earthquake,63.992,-21.014,Grímsnes,64.036666666,-20.889444444,7.87
1088 Tmogvi earthquake,41.23,44.0,Samsari Volcanic Center,41.542,43.7,42.78
The Seventh Earthquake,32.0,35.5,Рога Хаттина,32.799722222,35.459722222,88.77
2009 Shizuoka earthquake,34.778,138.276,Mount Sukumo,35.005,139.037222222,74.0
Землетрясение в Бельгии (1692),50.617222222,5.865833333,Q111209459,50.52603601,5.20320361,48.03
1941 Van-Erciş earthquake,39.5,43.3,Гиреколь-тепе,39.1,43.416666666,45.53
Землетрясение в Грузии (2009),42.662,43.414,Shadil-Khokh volcano,42.5425,44.2975,73.71
2001 El Salvador earthquake,13.04,-88.66,Cerro El Taburete,13.4367,-88.5317,46.04
Hilina Slump,19.2708,-155.164,Mauna Ulu,19.3668,-155.201,11.32
1982 North Yemen earthquake,14.7,44.38,Harras of Dhamar,14.55,44.40166667,16.76
Землетрясение в Колиме (2003),18.6,-104.22,Cerro Escalerilla,18.783611111,-103.705555555,57.95
1980 Azores Islands earthquake,38.81,-27.78,Q10392610,38.7514,-27.4493,29.46
Землетрясение в Коста-Рике,9.996,-85.318,Тенорио,10.672777777,-85.015,81.88
1957 Andreanof Islands earthquake,51.8333,-175.167,Koniuji,52.22,-175.13,43.1
Q2465597,-6.112,154.463,Tore,-5.835,154.935,60.58
Galilee earthquake of 1837,33.0,35.5,Рога Хаттина,32.799722222,35.459722222,22.53
Симуширское землетрясение,46.607,153.23,Подводный вулкан Рикорда,47.416666666,152.683333333,99.15
1905 Calabria earthquake,38.67,16.07,Стромболи,38.794166666,15.217777777,75.37
Землетрясение на Соломоновых островах (2010),-8.912,157.307,Coleman Seamount,-8.841,157.16,17.98
Рачинское землетрясение,42.453,43.673,Shadil-Khokh volcano,42.5425,44.2975,52.29
Карпатское землетрясение,45.753,26.932,Чумэтул-Маре,46.13,25.88,91.71
1917 Bali earthquake,-8.3,115.0,Братан,-8.283333333,115.133333333,14.8
1872 Lone Pine earthquake,36.61,-118.06,Golden Trout Creek,36.358,-118.32,36.4
1855 Ansei Edo earthquake,35.65,139.8,Хаконе,35.23,139.023888888,84.48
1647 Santiago earthquake,-33.4,-70.6,Сан-Хосе,-33.781666666,-69.897222222,77.77
1782 Mendoza earthquake,-33.0,-69.12,Тупунгатито,-33.423888888,-69.798055555,78.78
1894 Meiji Tokyo earthquake,35.7,139.8,Хаконе,35.23,139.023888888,87.65
1889 Kumamoto earthquake,32.8,130.7,Mount Kinbō,32.814055555,130.639111111,5.91
1902 Guatemala earthquake,14.8333,-91.5167,Q25182146,14.8,-91.516666666,3.68
1892 Laguna Salada earthquake,32.73,-115.5,Cerro Prieto,32.418,-115.308,39.02
1948 Fukui earthquake,36.171667,136.29,Mount Dainichi,36.1635,136.4925,18.24
1868 Ecuador earthquakes,0.31,-78.18,Куикоча,0.302222222,-78.361666666,20.24
Землетрясение в Камакуре (1293),35.2,139.4,Хаконе,35.23,139.023888888,34.41
1732 Montreal earthquake,45.5,-73.6,Q109039301,45.4325804,-73.7340379,12.89
Ленинаканское землетрясение,40.7,43.7,Артени,40.375844444,43.784880555,36.71
Землетрясение в Гватемале (1773),14.6,-90.7,Агуа,14.465,-90.742777777,15.63
1868 Hawaii earthquake,19.2,-155.5,Mauna Ulu,19.3668,-155.201,36.45
1653 East Izmir earthquake,38.2,28.2,Q6044027,38.620277777,28.430833333,50.82
1810 Crete earthquake,35.5,25.6,Q25161950,36.36,25.3889,97.31
1797 Riobamba earthquake,-1.6,-78.6,Volcán Tungurahua,-1.46667,-78.42444,24.47
Ереванское землетрясение 1679 г.,40.2,44.7,Гутанасар,40.36793,44.68386,18.7
2013 Nariño; Colombia earthquake,1.142,-77.4,Галерас,1.216666666,-77.366666666,9.05
1987 Ecuador earthquakes,0.09,-77.37,Сумако,-0.53805556,-77.62583333,75.06
Землетрясение в Индонезии (1982),-8.405,123.08,Riang Kotang,-8.3,122.892,23.74
Землетрясение на Филиппинах (1976),6.29,124.09,Parker Volcano,6.1144,124.8897,90.61
Землетрясение в Сирии (1956),33.776,35.575,Q4327234,33.2456167,35.7852139,61.98
Землетрясение в Японии (1974),34.63,138.78,Mount Ōmuro,34.904166666,139.094444444,41.88
1948 Desert Hot Springs earthquake,33.92,-116.47,Pipkin,34.68666667,-116.62,86.16
Землетрясения на Курилах,44.81,149.54,Кудрявый,45.38494,148.81647,85.59
1991 Kalabahi earthquakes,-8.099,124.681,Mount Sirung,-8.516666666,124.133333333,75.98
1983 Borah Peak earthquake,44.08,-113.8,Craters of the Moon,43.42,-113.5,77.21
1948 Salta earthquake,-24.9,-64.8,Morro de los Volcanes,-25.3833,-65.0408,58.79
1992 Landers earthquake,34.217,-116.433,Pipkin,34.68666667,-116.62,54.86
1931 Nicaragua earthquake,12.136,-86.251,Q21054839,12.233055555,-86.295277777,11.77
1942 Guatemala earthquake,13.78,-90.91,Текуамбурро,14.156111111,-90.406944444,68.45
1986 San Salvador earthquake,13.665830555,-89.190280555,Илопанго,13.66666667,-89.05,15.18
1943 Tottori earthquake,35.47,134.09,Mount Ōgi,35.439722222,134.440833333,32.03
1970 New Guinea earthquake,-4.93,145.47,Mount Uluman,-4.6528,145.9717,63.54
1983 Sea of Japan earthquake,40.462,139.102,Megata,39.95,139.733333,78.24
Землетрясение в Коста-Рике (1991),9.685,-83.073,Ирасу,9.979166666,-83.8525,91.49
1992 Big Bear earthquake,34.2,-116.827,Pipkin,34.68666667,-116.62,57.24
1932 Jalisco earthquake,19.5,-104.25,Cerro Grande,19.515,-103.953888888,31.13
1980 Oaxaca earthquake,18.21,-98.24,Попокатепетль,19.02222,-98.62778,98.78
1992 Flores earthquake,-8.48,121.896,Ndete Napu,-8.72,121.78,29.46
1940 El Centro earthquake,32.7333,-115.5,Cerro Prieto,32.418,-115.308,39.34
Землетрясение в Сальвадоре (1982),13.332,-89.387,Илопанго,13.66666667,-89.05,51.98
1986 Chalfant Valley earthquake,37.53,-118.45,Inyo Craters,37.6916,-119.01666,53.15
2016 Peru earthquake,-15.654,-72.009,Volcán Marhuas,-15.480555555,-72.016944444,19.21
1923 Kamchatka earthquake,54.486,160.472,Vulkan Kronotskaya Sopka,54.75262,160.53201,29.93
2011 northern Nagano earthquake,36.985,138.597,Сига,36.69999,138.51273,32.51
Землетрясения в префектуре Кумамото (2016),32.849,130.635,Mount Kinbō,32.814055555,130.639111111,3.89
2015 Aspen earthquake,39.225,-106.764,Dotsero,39.6606,-107.035,53.69
Terremoto de Guatemala de 1874,14.634413,-90.925813,Фуэго,14.474722222,-90.880833333,18.32
Землетрясение в Италии (1962),41.175,15.009,Camaldoli,40.8575,14.1914,77.28
Землетрясение на Сицилии (1975),38.169,15.633,Gran Cratere,38.40417,14.9657,63.95
1913 Guatemala Earthquake,14.28,-90.3,Q25182350,14.1661,-90.2803,12.78
1816 Guatemala earthquake,15.5,-91.5,Q25182146,14.8,-91.516666666,77.48
2014 Northern Nagano earthquake,36.689,137.88783333,Mount Iizuna,36.733333333,138.133333333,22.48
землетрясение в Индонезии 7 декабря 2016 года,5.283,96.168,Q12763633,4.768889,96.8211,92.07
Землетрясение на острове Ле-Сент (2004),16.68,-61.7,Bouillante Chain,16.12,-61.75,62.2
Землетрясение в Аргентине (2015),-25.467,-64.484,Morro de los Volcanes,-25.3833,-65.0408,56.78
Землетрясение в Греции (1894),38.65,23.08,Сусаки,37.9367981,23.08720016,79.17
1898 Rieti earthquake,42.415,12.905,Альгид,41.7267,12.7786,77.16
Землетрясение в Малайзии (1976),4.956,118.308,Mount Maria; Malaysia,4.42,117.96,70.74
Землетрясение в США (2016),38.378,-118.896,Mono Lake Volcanic Field,38.0,-119.03,43.57
Землетрясение на Гуаме (1993),13.0,144.75,Seamount X,13.25,144.02,83.85
2017 Papua New Guinea earthquake,-6.246,155.172,Баканови,-6.15,155.35,22.38
землетрясение в Италии 2017 года,42.53,13.28,Альгид,41.7267,12.7786,98.39
2016 Southern Chile earthquake,-43.416,-73.88,Корковадо,-43.193055555,-72.792777777,91.62
February 2001 El Salvador earthquake,13.67,-88.93,Илопанго,13.66666667,-89.05,12.99
Землетрясение в Португалии (1841),38.4,-25.3,Furnas,37.762134,-25.321521,70.83
2015 South Kivu earthquake,-2.141,28.897,Tshibinda,-2.3083,28.7442,25.12
Землетрясение к северу от Баннинга; Калифорния (2010),33.966,-116.876,Pipkin,34.68666667,-116.62,83.34
Землетрясение в Вануату (2010),-13.571,167.227,Урепарапара (вулкан),-13.46666667,167.3166667,15.08
Землетрясение в Тарапака; Чили (2010),-18.058,-70.547,Чупикинья,-17.666666666,-69.8,90.24
2018 Hokkaido Eastern Iburi earthquake,42.69,142.006666666,Тарумаэ,42.69,141.378055555,51.51
Землетрясение в Коста-Рике (2010),9.247,-84.302,Ирасу,9.979166666,-83.8525,94.83
2018 Hokkaido Eastern Iburi earthquake,42.671,141.933,Тарумаэ,42.69,141.378055555,45.53
Q60022429,28.25,-16.066697222,Montaña de Ajódar,28.1517,-15.64058,43.23
Землетрясение к западу-северо-западу от Альберто Овьедо Мота; Мексика (2010),32.266,-115.293,Cerro Prieto,32.418,-115.308,16.91
Землетрясение к востоку-юго-востоку от Окотильо; Калифорния (2010),32.664,-115.809,Cerro Prieto,32.418,-115.308,54.4
Землетрясение к востоку-юго-востоку от Окотильо; Калифорния (2010),32.647,-115.806,Cerro Prieto,32.418,-115.308,53.23
Землетрясение к юго-юго-западу от Эстасьон Коауила; Мексика (2010),32.099,-115.048,Cerro Prieto,32.418,-115.308,43.03
Землетрясение на Соломоновых островах (2010),-8.726,157.487,Coleman Seamount,-8.841,157.16,38.16
Землетрясение к югу от Редлендс; Калифорния (2010),34.005,-117.18,Pipkin,34.68666667,-116.62,91.5
Землетрясение к юго-западу от Альберто Овьедо Мота; Мексика (2010),32.165,-115.268,Cerro Prieto,32.418,-115.308,28.31
Землетрясение на Новой Ирландии; Папуа-Новая Гвинея (2010),-3.361,152.245,Tavui,-4.12,152.2,84.08
Землетрясение на Соломоновых островах (2010),-9.019,157.551,Coleman Seamount,-8.841,157.16,47.29
Землетрясение к западу-северо-западу от Прогресо; Мексика (2010),32.617,-115.756,Cerro Prieto,32.418,-115.308,47.53
Землетрясение к западу-северо-западу от Прогресо; Мексика (2010),32.675,-115.758,Cerro Prieto,32.418,-115.308,50.98
Землетрясение к востоку-юго-востоку от Окотильо; Калифорния (2010),32.682,-115.797,Cerro Prieto,32.418,-115.308,54.47
Землетрясение к западу от Бомонта; Калифорния (2010),33.932,-117.023,Pipkin,34.68666667,-116.62,91.56
Землетрясение к юго-западу от Дельта; Мексика (2010),32.3,-115.26,Cerro Prieto,32.418,-115.308,13.84
Землетрясение к западу от Прогресо; Мексика (2010),32.594,-115.774,Cerro Prieto,32.418,-115.308,47.94
Землетрясение в Антофагаста; Чили (2010),-22.227,-68.328,Сан-Педро,-21.8875,-68.39166667,38.16
Землетрясение в Сальвадоре (2010),13.728,-90.132,Cerro de Apaneca,13.841288888,-89.798941666,38.13
Землетрясение к востоку-юго-востоку от Окотильо; Калифорния (2010),32.66,-115.825,Cerro Prieto,32.418,-115.308,55.49
Землетрясение к востоку-юго-востоку от Окотильо; Калифорния (2010),32.66,-115.808,Cerro Prieto,32.418,-115.308,54.09
2018 Papua New Guinea earthquake,-6.149,142.766,Doma Peaks,-5.9,143.15,50.65
Землетрясение в Италии (1298),42.574,12.906,Альгид,41.7267,12.7786,94.7
2018 Oaxaca earthquake,16.646,-97.653,Cerro Volado,17.403611111,-97.607222222,83.99
1732 Irpinia earthquake,41.08,15.15,Camaldoli,40.8575,14.1914,84.39
2017 Ischia earthquake,40.74,13.9,Q30144976,40.849575,14.107504,21.32
Землетрясение в Италии (1517),41.012,15.21,Camaldoli,40.8575,14.1914,87.48
Землетрясение в Пуэбле,18.584,-98.399,Попокатепетль,19.02222,-98.62778,54.17
Q28670489,38.125,15.022,Gran Cratere,38.40417,14.9657,31.38
Землетрясение в Гватемале (2017),14.909,-92.009,Такана,15.1334,-92.1058,26.92
Землетрясение в Италии (1466),40.766,15.334,Camaldoli,40.8575,14.1914,96.94
2017 earthquake in Silesia,49.91,18.22,Q107467286,49.7750233,17.5246697,52.22
2016 Uchiura Bay earthquake,41.948333,140.986667,Mutsu-Hiuchi-dake,41.436389,141.056389,57.16
2016 Central Tottori earthquake,35.38,133.86,Hiruzen,35.316666666,133.683333333,17.53
2017 Surigao earthquake,9.8,125.35,Campana,9.208333333,124.708333333,96.16
Землетрясение в Гваделупе (1843),16.5,-62.2,Bouillante Chain,16.12,-61.75,63.88
Землетрясение в Италии (1702),41.121,14.989,Camaldoli,40.8575,14.1914,73.22
Землетрясение на Гавайях,19.37,-155.032,Mauna Ulu,19.3668,-155.201,17.76
Землетрясение в Японии (1997),34.44,131.665,Абу (вулкан),34.5,131.6,8.94
Землетрясения в Тбилиси (2002),41.77,44.86,Shadil-Khokh volcano,42.5425,44.2975,97.59
землетрясение в Осаке в 2018 году,34.834,135.606,Takurayama,35.345833333,134.918055555,84.61
Землетрясение в Италии (1853),40.818,15.215,Camaldoli,40.8575,14.1914,86.44
Землетрясение на Филиппинах (2017),5.504,125.066,Балут (вулкан),5.398611111,125.374444444,36.11
Землетрясение в Чили (2017),-39.385,-71.803,Quetrupillán,-39.5,-71.7,15.54
2017 Costa Rica earthquake,9.526,-84.505,Поас,10.1978153,-84.2302979,80.18
2017 Leyte earthquake,11.11,124.69,Билиран,11.523,124.535,48.72
Q41456882,32.55073,-115.07987,Cerro Prieto,32.418,-115.308,26.01
2018 Java earthquake,-7.092,105.963,Pulosari,-6.342,105.975,82.95
Землетрясение в Вануату (2010),-17.541,168.069,North Vate,-17.47,168.353,31.17
Землетрясение на Новой Британии; Папуа-Новая Гвинея (2010),-5.746,150.765,Witori,-5.576,150.516,33.38
Землетрясение в Антофагаста; Чили (2010),-22.146,-68.216,Linzor,-22.15,-67.96667,25.72
Землетрясение в Вануату (2010),-13.698,166.643,Урепарапара (вулкан),-13.46666667,167.3166667,77.27
Землетрясение на Андреяновских островах (2010),51.374,-175.361,Koniuji,52.22,-175.13,95.47
Землетрясение на Мауи; Гавайи (2010),20.324,-156.469,East Molokai Volcano,21.11,-156.84,95.22
Землетрясение на Новой Британии; Папуа-Новая Гвинея (2010),-5.966,150.428,Witori,-5.576,150.516,44.22
Землетрясение на Яве; Индонезия (2010),-7.907,107.879,Wayang-Windu,-7.208,107.63,82.04
Землетрясение на Новой Британии; Папуа-Новая Гвинея (2010),-6.001,149.977,Witori,-5.576,150.516,75.98
Землетрясение в Вануату (2010),-13.643,166.485,Урепарапара (вулкан),-13.46666667,167.3166667,92.11
Землетрясение в восточной части Новой Гвинеи; Папуа-Новая Гвинея (2010),-5.486,146.822,Yomba,-4.883,146.717,67.69
Землетрясение к востоку-юго-востоку от Окотильо; Калифорния (2010),32.705,-115.911,Cerro Prieto,32.418,-115.308,64.96
Землетрясение на Андреяновских островах (2010),51.423,-178.649,Гарелой,51.786666666,-178.803055555,41.85
Землетрясение на Андреяновских островах (2010),51.451,-175.87,Koniuji,52.22,-175.13,99.61
Землетрясение на Южно-Тихоокеанском поднятии (2010),-56.586,-142.292,Udintsev Transform,-56.153,-143.373,82.38
Землетрясение на северной Суматре; Индонезия (2010),4.64,96.832,Q12763633,4.768889,96.8211,14.3
Землетрясение на западном побережье Хонсю; Япония (2010),37.547,138.961,Mount Asakuksa,37.34365,139.23351,33.03
Землетрясение к югу от Альберто Овьедо Мота; Мексика (2010),32.048,-115.198,Cerro Prieto,32.418,-115.308,42.32
Землетрясение на Лисьих островах (2010),52.876,-169.848,Tana,52.83,-169.77,7.34
Землетрясение на Новой Британии; Папуа-Новая Гвинея (2010),-5.902,150.712,Witori,-5.576,150.516,42.08
Землетрясение на Южных Сандвичевых островах (2010),-56.412,-25.741,Mount Hodson,-56.7,-27.15,92.39
Землетрясение в Вануату (2010),-20.671,169.818,Анейтьюм (вулкан),-20.184166666,169.790555555,53.97
Землетрясение в Коста-Рике (2010),10.211,-84.293,El Viejo Volcano,10.26,-84.328888888,6.7
Землетрясение в Коста-Рике (2010),9.331,-84.206,Ирасу,9.979166666,-83.8525,81.52
2007 Martinique earthquake,14.943,-61.244,Morne Plat Pays,15.2495,-61.3465,35.66
2000 Iceland earthquakes,63.9777,-20.7099,Grímsnes,64.036666666,-20.889444444,10.97
1998 Acatlan,18.39,-97.44,Las Cumbres,19.15,-97.27,86.01
Шикотанское землетрясение,43.85,147.17,Берутарубе,44.46131,146.93163,70.55
2007 Andreanof Islands earthquake,51.34,-179.47,Гарелой,51.786666666,-178.803055555,67.89
Землетрясение в Колиме (1995),19.06,-104.21,Cerro Grande,19.515,-103.953888888,57.11
2000 New Ireland earthquakes,-3.98,152.169,Tavui,-4.12,152.2,15.86
2007 Guatemala earthquake,13.533333333,-90.6,Текуамбурро,14.156111111,-90.406944444,71.99
Землетрясение в Мексике (1995),16.84,-93.469,Эль-Чичон,17.36,-93.227777777,63.02
Землетрясение в Денали,63.514,-147.453,Баззард-Крик,64.062,-148.433,77.88
Землетрясение в Мексике (2012),18.229,-102.689,Cerro Mancira,18.5331,-103.5226,94.3
AD 17 Lydia earthquake,38.49,28.04,Q6044027,38.620277777,28.430833333,37.01
Землетрясение на Минданао (2002),6.033,124.249,Mount Parker,6.11416667,124.88972222,71.49
2007–2008 Nazko earthquakes,52.88,-124.08,Itcha Mountain,52.7175,-124.83,53.72
2002 Kalehe earthquake,-1.905,29.013,Ньирагонго,-1.516666666,29.25,50.39
1999 Hector Mine earthquake,34.6,-116.27,Pipkin,34.68666667,-116.62,33.5
2011 Zumpango earthquake,18.038,-99.796,Volcán La Tinaja,18.8516,-100.1002,95.62
2011 South Sandwich Islands earthquake,-55.98,-28.238,Заводовский,-56.3,-27.566666666,54.87
1993 Scotts Mills earthquake,45.03,-122.59,Гора Табор,45.510833,-122.595556,53.44
2007 Aisén Fjord earthquake,-45.266,-72.496,Cay,-45.0625,-72.98583333,44.66
Землетрясение в Оахака; Мексика (2010),16.527,-97.76,Cerro Volado,17.403611111,-97.607222222,98.37
2005 Tarapacá earthquake,-19.592,-69.12,Ислуга,-19.15,-68.833333333,57.45
Землетрясение на Новой Британии; Папуа-Новая Гвинея (2010),-6.019,150.497,Witori,-5.576,150.516,49.03
2000 Iceland earthquakes,63.97,-20.37,Geysir geothermal field,64.3167,-20.2999,38.8
Землетрясения в Эритрее (2011),13.42,41.694,Mallahle,13.277,41.655,16.38
Землетрясение на востоке Хонсю; Япония (2010),39.058,140.715,Mount Kurikoma,38.961111111,140.788888888,12.52
1605 Guangdong earthquake,19.9,110.5,volcanoes of the Leizhou Peninsula,20.5,110.16666667,75.01
2019 Yamagata earthquake,38.635,139.454,Hijiori,38.605833,140.178333,63.16
Q93990179,15.0306,-24.4873,Брава,14.85,-24.716666666,31.75
Землетрясение на острове Бугенвиль; Папуа-Новая Гвинея (2010),-6.534,155.647,Баканови,-6.15,155.35,53.7
Q97210718,35.7,139.7,Хаконе,35.23,139.023888888,80.53
2019 Davao del Sur earthquake,6.708,125.188,Parker Volcano,6.1144,124.8897,73.47
Землетрясение в центральном Перу (2010),-14.861,-71.715,Volcán Marhuas,-15.480555555,-72.016944444,75.85
Q94603197,-44.5,-73.0,Mentolat,-44.696666666,-73.075833333,22.67
1950 Calama earthquake,-23.977,-67.912,Cerro Toloncha,-23.938333333,-67.975,7.71
Q86678554,44.612,4.638,Mount Mézenc,44.91111111,4.195,48.32
2019 Visayas earthquake,11.79,125.38,Билиран,11.523,124.535,96.76
Землетрясение на Анатахане; Марианские острова (2010),16.492,145.725,South Sarigan Seamount,16.58,145.78,11.37
2019 Yilan earthquake,24.43,121.91,Zhuzi Mountain,25.210555555,121.559166666,93.45
2019 Cotabato earthquakes,6.75,125.0,Parker Volcano,6.1144,124.8897,71.34
2001 Tarapacá earthquake,-19.59,-69.306666666,Ислуга,-19.15,-68.833333333,69.61
Землетрясение на Сицилии; Италия (2010),38.415,14.916,Вулькано,38.404,14.962,4.2
1737 Valdivia earthquake,-39.813889,-73.245833,Cerros de Punguichay,-39.4784,-72.2154,95.97
2019 Ridgecrest earthquakes,35.766,-117.605,Golden Trout Creek,36.358,-118.32,92.0
991 Damascus earthquake,33.2,36.2,Q21583441,33.2,36.016666666,17.09
Q78758910,24.54,121.77,Zhuzi Mountain,25.210555555,121.559166666,77.27
Землетрясение на Филиппинах (1954),12.835,124.079,Масарага,13.310277777,123.6,73.91
Землетрясение в Мексике (1973),18.481,-102.996,Cerro Mancira,18.5331,-103.5226,55.91
Землетрясение на Филиппинах (1918),5.967,124.377,Mount Parker,6.11416667,124.88972222,59.05
Землетрясение в Мексике (1920),19.25,-97.13333333,La Gloria,19.33,-97.25,15.13
1979 Imperial Valley earthquake,32.6167,-115.317,Cerro Prieto,32.418,-115.308,22.05
Землетрясение в Гватемале (1942),13.862,-91.138,Фуэго,14.474722222,-90.880833333,73.26
Землетрясение в Чили (1929),-22.751,-68.403,Q22428774,-22.431944444,-68.011944444,53.53
Землетрясение в Венесуэле (1950),9.71,-69.819,Volcán de Sanaré,9.76,-69.587222222,26.03
Землетрясение в Турции (1928),38.202,27.494,Q6044027,38.620277777,28.430833333,94.08
Землетрясение в Японии (1922),32.629,129.69,Ундзэн,32.761342,130.298694,58.94
Землетрясение в Коста-Рике (1955),10.101,-84.517,Volcán Porvenir,10.271723502,-84.360966725,25.47
Землетрясение в Никарагуа (1926),12.598,-86.875,Q21054853,12.6,-86.816666666,6.34
Землетрясение в Перу (1948),-17.227,-70.252,Volcán Yucamane,-17.1825,-70.198888888,7.49
Землетрясение в Аргентине (1930),-24.69972222,-66.5,Volcán Juncal,-24.7675,-66.805,31.76
Землетрясение в Мексике (1968),15.573,-92.536,Такана,15.1334,-92.1058,67.08
Землетрясение на Соломоновых Островах (1939),-9.873,159.812,Попоманасеу,-9.703611111,160.061944444,33.21
Землетрясение в Чили (1971),-25.375,-68.938,Серро-Байо,-25.416666666,-68.583333333,35.99
Землетрясение в Мексике (1959),17.445,-97.154,Cerro Volado,17.403611111,-97.607222222,48.37
Землетрясение на Филиппинах (1973),13.372,122.787,Mount Isarog,13.659166666,123.373333333,70.98
Землетрясение на Аморгосе,36.6664,25.957,Q25164419,36.404444444,25.396111111,58.03
Землетрясение в Эквадоре (1987),0.048,-77.653,Сумако,-0.53805556,-77.62583333,64.87
Землетрясение в Йемене (1991),13.887,44.068,Harras of Dhamar,14.55,44.40166667,81.72
Землетрясение в Турции (1969),38.515,28.546,Q6044027,38.620277777,28.430833333,15.41
Землетрясение в Перу (1958),-16.625,-72.242,Cerro Nicholson,-16.260556,-71.73,67.94
Землетрясение в Чили (1959),-20.407,-68.862,Иррупутунку,-20.733333333,-68.566666666,47.47
Землетрясение на Камчатке (1923),56.355,162.696,Unnamed volcano,55.92,161.75,76.19
Землетрясение в Мьянме (1956),22.178,95.781,Singu Plateau,22.68333333,95.96666667,59.13
Землетрясение в Мексике (1932),19.373,-104.224,Cerro Grande,19.515,-103.953888888,32.43
Землетрясение в Мексике (1968),16.519,-97.739,Cerro Volado,17.403611111,-97.607222222,98.9
Землетрясение в Индонезии (1967),5.121,96.286,Q12763633,4.768889,96.8211,70.98
Землетрясение на Курильских островах (1918),46.737,150.653,Остров Броутона,46.716666666,150.733333333,6.54
Землетрясение на Гаваях (1975),19.333,-155.002,Mauna Ulu,19.3668,-155.201,21.24
Землетрясение в Эфиопии (1969),11.875,41.208,Боравли (вулканический купол),11.633333333,41.45,37.56
Землетрясение в Мексике (1932),19.419,-103.907,Cerro Grande,19.515,-103.953888888,11.71
Землетрясение в Коста-Рике (1973),10.679,-84.759,Тенорио,10.672777777,-85.015,28.02
Землетрясение в Гватемале (1976),14.943,-90.562,Q25177770,14.466666666,-90.583333333,52.75
Землетрясение в Перу (1991),-15.679,-71.574,Volcán Marhuas,-15.480555555,-72.016944444,52.34
Землетрясение на Соломоновых островах (1977),-9.965,160.731,Попоманасеу,-9.703611111,160.061944444,78.88
Землетрясение в Индонезии (2004),-8.31,115.788,Гунунг-Батур,-8.241944444,115.375,46.12
Землетрясение в Румынии (1990),45.841,26.668,Чумэтул-Маре,46.13,25.88,68.99
Землетрясение в Португалии (1998),38.65,-28.626,Capelinhos,38.601322222,-28.831569444,18.7
Землетрясение в Папуа-Новой Гвинее (1985),-5.599,151.045,Hargy,-5.33,151.1,30.37
Землетрясение в Индонезии (1979),-7.656,108.252,Karaha Crater,-7.12,108.08,62.24
Землетрясение в Эйоне (1995),38.401,22.283,Сусаки,37.9367981,23.08720016,87.3
Землетрясение в Индонезии (1979),-8.207,115.949,Гунунг-Батур,-8.241944444,115.375,63.36
Землетрясение в Колумбии (1983),2.461,-76.686,Пурасе,2.314166666,-76.394166666,36.29
Землетрясение в Папуа-Новой Гвинее (1983),-5.54,151.86,Hargy,-5.33,151.1,87.37
Землетрясение в Турции (2004),39.766,43.979,Большой Арарат,39.702761111,44.300380555,28.43
Землетрясение в Вануату (1999),-16.423,168.214,Лопеви (вулкан),-16.506944444,168.346111111,16.89
Землетрясение в Папуа-Новой Гвинее (1996),-6.518,154.999,Баканови,-6.15,155.35,56.25
Землетрясение в Мексике (1993),14.717,-92.645,Такана,15.1334,-92.1058,74.08
Землетрясение в Эквадоре (1996),-1.036,-78.737,Килотоа,-0.861194444,-78.897286111,26.3
Землетрясение в Чили (1976),-20.52,-68.919,Иррупутунку,-20.733333333,-68.566666666,43.66
Землетрясение на Алкионидес (1981),38.222,22.934,Сусаки,37.9367981,23.08720016,34.39
Землетрясение в Перу (1979),-16.39,-72.658,Huambo,-15.8333,-72.13333,83.34
Землетрясение в Мексике (1997),18.219,-102.756,Cerro Mancira,18.5331,-103.5226,88.16
Землетрясение в Колумбии (1979),4.805,-76.217,Santa Isabel,4.81666667,-75.36666667,94.34
Землетрясение в Перу (1986),-13.41,-71.785,Q107539090,-13.2097206,-72.1336019,43.79
Землетрясение в Индонезии (1979),-8.49,115.75,Гунунг-Батур,-8.241944444,115.375,49.58
Землетрясение в Индонезии (1979),-8.39,115.889,Гунунг-Батур,-8.241944444,115.375,58.94
1834 Java earthquake,-6.47,106.958,Perbakti-Gagak,-6.75,106.7,42.1
2021 April East Java earthquake,-8.562,112.519,Malang Plain,-8.02,112.68,62.51
1839 Ava earthquake,21.9,96.0,Singu Plateau,22.68333333,95.96666667,86.81
1737 Kamchatka earthquake,52.5,159.5,Авачинская Сопка,53.255,158.832777777,95.27
2021 Bali earthquake,-8.348,115.461,Гунунг-Батур,-8.241944444,115.375,15.08
1852 Banda Sea earthquake,-5.25,129.75,Банда Апи,-4.525,129.871388888,81.29
1699 Java earthquake,-6.078,105.913,Pulosari,-6.342,105.975,29.99
2019 Athens earthquake,38.108611111,23.530277777,Сусаки,37.9367981,23.08720016,43.33
1981 Westmorland earthquake,33.02,-115.68,Cerro Prieto,32.418,-115.308,75.32
2021 South Sandwich Islands earthquakes,-58.416,-25.321,Mount Belinda,-58.43333333,-26.33333333,59.18
2021 May East Java earthquake,-8.63,112.34,Келуд,-7.933333333,112.305555555,77.14
2021 Hawaii earthquake,18.82,-155.527,Mauna Ulu,19.3668,-155.201,69.57
1815 Bali earthquake,-8.0,115.0,Братан,-8.283333333,115.133333333,34.61
1871 Lāna earthquake,20.7,-156.0,East Molokai Volcano,21.11,-156.84,98.48
1912 Maymyo earthquake,22.35,96.737,Singu Plateau,22.68333333,95.96666667,87.43
Землетрясение в Масбате 2020,11.96,124.03,Билиран,11.523,124.535,73.26
Землетрясение на Камчатке (апрель 1923),57.35,162.91,Сопка Шагаевская,57.5449,162.5851,29.18
Q6143064,1.929,-76.362,Сотара,2.108055555,-76.591944444,32.35
Землетрясение в Гватемале (1991),14.646,-90.986,Фуэго,14.474722222,-90.880833333,22.08
1910 Costa Rica earthquake,9.801,-83.87,Ирасу,9.979166666,-83.8525,19.8
Землетрясение в Эфиопии (2010),7.575,37.792,Hobicha,6.78,37.83,88.02
Землетрясение в Гватемале (2011),14.27833333,-90.3,Q25182350,14.1661,-90.2803,12.6
Землетрясение в Сальвадоре (1932),13.175,-88.07,Арамуака,13.428055555,-88.105,28.25
Землетрясение в Италии (1914),37.667,15.133,Gran Cratere,38.40417,14.9657,83.13
Землетрясение в Сальвадоре (1917),13.75,-89.267,Илопанго,13.66666667,-89.05,25.22
Землетрясение в Чили (1958),-33.832,-69.958,Сан-Хосе,-33.781666666,-69.897222222,7.93
Землетрясение в префектуре Фукусима,37.007,140.477,Бандай,37.600833333,140.072222222,75.04
2004 Doğubayazıt earthquake,39.71,44.02,Большой Арарат,39.702761111,44.300380555,24.06
Землетрясение в Эквадоре (2010),-1.266,-77.306,Volcán Reventador,-0.675555555,-77.67,76.84
Землетрясение в Индонезии (1987),-8.247,124.155,Mount Sirung,-8.516666666,124.133333333,29.92
1692 Salta earthquake,-25.4,-64.8,Morro de los Volcanes,-25.3833,-65.0408,24.3
Землетрясение в Сальвадоре (1951),13.52,-88.4,El Tigre,13.47,-88.43,6.41
Землетрясение в Перу (1604),-18.5,-70.332,Таапака,-18.1,-69.5,98.48
Землетрясение в Испании (2007),39.35,-3.01666667,Volcán de La Mesnera,38.849063888,-3.521080555,70.69
Землетрясение в Аргентине (1907),-27.33333333,-65.83333333,Farallon Negro,-27.25,-66.55,71.55
1908 Salta earthquake,-25.33333333,-65.16666667,Morro de los Volcanes,-25.3833,-65.0408,13.83
Землетрясение в Папуа-Новой Гвинее (1919),-4.852,153.714,Амбайтл,-4.080833333,153.621388888,85.89
Землетрясение в Коста-Рике (2004),9.602,-84.172,Ирасу,9.979166666,-83.8525,54.49
Q6143261,29.31666667,-113.2333333,Коронадо,29.08886,-113.51524,37.27
Землетрясение в Сальвадоре (1965),13.683,-89.07,Илопанго,13.66666667,-89.05,2.82
Землетрясение на Суматре (2022),-0.233,100.106,Талакмау,0.079166666,99.983333333,37.12
Q112507456,1.11,127.18,Makian,0.333333333,127.366666666,88.36
1840 Ahora earthquake,39.6,44.1,Большой Арарат,39.702761111,44.300380555,20.64
2002 Port Vila earthquake,-17.6,167.856,North Vate,-17.47,168.353,54.7
Earthquake 2005-10-25 19:40:43,-7.1,145.8,Yelia,-7.05,145.858,8.46
Earthquake 2007-06-14 17:41:01,-5.6,151.6,Hargy,-5.33,151.1,62.94
2022 Guatemala earthquake,14.193,-91.293,Толиман,14.6125,-91.189166666,47.75
Q110184545,45.87,2.94,puy de Tressous,45.86299,2.951,1.16
1999 Sunda Strait earthquake,-6.845,105.555,Pulosari,-6.342,105.975,72.47
1927 Sekihara earthquake,37.5,138.848333333,Mount Asakuksa,37.34365,139.23351,38.26
Землетрясение в Румынии (1838),45.7167,26.7167,Чумэтул-Маре,46.13,25.88,79.51
1956 Nicaragua earthquake,11.72,-86.48,Q21054856,11.984722222,-86.1675,44.91
2013 Aceh earthquake,4.698,96.687,Q12763633,4.768889,96.8211,16.82
2000 Tottori earthquake,35.27,133.31,Mount Korei,35.437777777,133.479166666,24.14
1993 Kushiro-Oki earthquake,42.92,144.373333,Mount Akanfuji,43.374166666,144.006388888,58.62
Землетрясение в Японии (1983),35.498,139.069,Хаконе,35.23,139.023888888,30.02
1926 Horta earthquake,38.534583,-28.629568,Capelinhos,38.601322222,-28.831569444,19.1
1914 Akita-Senboku earthquake,39.5,140.4,Акита-Комагатаке,39.760833333,140.803611111,45.16
Землетрясение в Германии (2002),50.889,6.103,Kalem,50.18587,6.61782,86.31
1925 Kita-Tajima earthquake,35.56333333,134.83333333,Takurayama,35.345833333,134.918055555,25.33
Ближневосточные землетрясение 1759 года,33.1,35.6,Mount Shifon,33.0695361,35.7696806,16.2
Землетрясение в Японии (1969),35.794,137.063,Онтаке,35.892777777,137.480277777,39.26
1828 Sanjō earthquake,37.6,138.9,Mount Asakuksa,37.34365,139.23351,40.99
1927 North Tango earthquake,35.596666666,134.896388888,Takurayama,35.345833333,134.918055555,27.9
1909 Anegawa earthquake,35.4,136.3,Mount Hōonji,36.063333,136.5975,78.37
1896 Rikuu  earthquake,39.5,140.7,Акита-Комагатаке,39.760833333,140.803611111,30.3
1522 Vila Franca earthquake,37.716068,-25.432244,Агуа-де-Пау,37.760333333,-25.491558333,7.17
1937 Orizaba earthquake,18.8226,-97.1627,Las Cumbres,19.15,-97.27,37.96
1717 Guatemala earthquake,14.57,-90.73,Агуа,14.465,-90.742777777,11.7
Землетрясение в Японии (1973),43.233,145.785,Вулкан Головнина,43.843055555,145.505555555,71.44
2013 Philippines earthquake,9.86,124.07,Camiguin Volcano,9.215277777,124.646666666,95.36
Odawara earthquakes,35.183,138.994,Хаконе,35.23,139.023888888,5.88
1894 Shōnai earthquake,38.9,139.9,Mount Chōkai,39.099166666,140.048888888,25.6
2008 Iwate earthquake,39.802,141.464,Ивате,39.8525,141.00111111,40.02
1871 Orán earthquake,-25.6,-64.1759,Morro de los Volcanes,-25.3833,-65.0408,90.21
Землетрясение на Ближнем Востоке (1068),28.5,36.7,Rahah; Harrat ar,27.8,36.17,93.42
2011 Shizuoka earthquake,35.3,138.7,Хаконе,35.23,139.023888888,30.48
1941 Colima earthquake,18.85,-102.94,Cerro Mancira,18.5331,-103.5226,70.76
Землетрясение в Японии (1968),32.066,130.712,Mount Kurino,31.954639,130.791694,14.46
Землетрясение в Японии (1596),34.65,135.6,Takurayama,35.345833333,134.918055555,99.17
2014 Yutian earthquake,36.1,82.5,Q1436026,35.70111111,81.64972222,88.61
1984 Otaki earthquake,35.79,137.49,Онтаке,35.892777777,137.480277777,11.44
1847 Zenkōji earthquake,36.7,138.2,Mount Iizuna,36.733333333,138.133333333,7.01
2020 Banda Sea earthquake,-6.88,123.55,Emperor of China,-6.61666667,124.21666667,79.25
2022 Western México earthquake,18.367,-103.252,Cerro Mancira,18.5331,-103.5226,33.99
2022 West Java earthquake,-6.853,107.095,Perbakti-Gagak,-6.75,106.7,45.13
2014 Aleutian Islands earthquake,51.797,-178.76,Гарелой,51.786666666,-178.803055555,3.19
Землетрясение в Италии (1805),41.5,14.467,Camaldoli,40.8575,14.1914,75.01
1986 North Palm Springs earthquake,34.02,-116.76,Pipkin,34.68666667,-116.62,75.07
Землетрясение в Сальвадоре (2014),12.576,-88.046,Арамуака,13.428055555,-88.105,94.48
Землетрясение в Италии (1626),40.4,14.1,Mount  Spina,40.829323,14.163581,47.98
2014 Iyonada earthquake,33.69166667,131.89,Mount Takasaki,33.251944,131.524167,59.46
Землетрясение в Румынии (1738),45.7,26.6,Чумэтул-Маре,46.13,25.88,73.51
Землетрясение в Испании (2015),39.0573,-2.6652,Volcán de La Mesnera,38.849063888,-3.521080555,77.71
2014 Peru earthquake,-13.84,-71.7,Volcán Quinsachata,-14.1626,-71.3566,51.48
Великое Восточно-Сибирское землетрясение,56.5,118.5,Вулкан Чепе,56.23,118.77,34.38
Землетрясение в Индонезии (1976),-8.227,114.775,Братан,-8.283333333,115.133333333,39.97
1926 Indonesia earthquake,-0.629,100.155,Талакмау,0.079166666,99.983333333,80.6
1993 Klamath Falls earthquakes,42.2131,-122.066,Medicine Lake Volcano,41.582525,-121.599530555,80.02
Землетрясение в Никарагуа (2014),12.1366,-86.18473333,Q21054839,12.233055555,-86.295277777,16.08
Землетрясение на Филиппинах (1628),13.2,123.7,Масарага,13.310277777,123.6,16.32
Землетрясение в Гваделупе (2014),16.28,-61.64,Bouillante Chain,16.12,-61.75,21.26
August 2014 earthquake in Quito,-0.076,-78.302,Моханда,0.13,-78.27,23.06
2014 Mexico–Guatemala earthquake,14.72,-92.46,Такана,15.1334,-92.1058,59.54
August 2014 earthquake in Quito,0.02,-78.32,Моханда,0.13,-78.27,13.38
Землетрясение в Индонезии (1629),-4.6,129.9,Банда Апи,-4.525,129.871388888,8.88
2014 Mexico–Guatemala earthquake,14.742,-92.409,Такана,15.1334,-92.1058,54.22
