volcanoLabel;location
Puy Pariou;Point(2.971484 45.796824)
Вануа-Лава;Point(167.466666666 -13.8)
Ислуга;Point(-68.833333333 -19.15)
Аламаган (вулкан);Point(145.836666666 17.601944444)
Hobicha;Point(37.83 6.78)
Богория (вулкан);Point(36.08 0.25)
Арик (вулкан);Point(158.666666666 53.366666666)
Puy de Montiroir;Point(2.92648 45.9702)
Богдан Хмельницкий;Point(147.91324 45.37698)
Puy de Lassolas;Point(2.95828 45.71166)
Mount Oku;Point(10.518888888 6.199722222)
Mount Norikura;Point(137.55361111 36.10638889)
Mont Denise;Point(3.85482 45.0584)
Puy de la Bannière;Point(3.03361 45.8789)
Platanar;Point(-84.3660879 10.3000174)
Mount Yake;Point(137.58824 36.22887)
Moua Pihaa;Point(-148.67 -18.32)
Mount Hiuchigatake;Point(139.28716 36.95298)
Блуп-Блуп (вулкан);Point(144.605 -3.506666666)
Богдан Хмельницкий;Point(147.920277777 45.336944444)
Барановский вулкан (Приморский край);Point(131.919472222 43.652975)
Q3322052;Point(3.0338 45.6681)
Айнелькан;Point(160.383333333 57.5)
Балаган-Тас;Point(145.89305 65.958258333)
Liado;Point(40.28 9.57)
Сумако;Point(-77.6266 -0.5404)
Q3322220;Point(50.402 -46.4195)
Q3437336;Point(2.64361 45.1144)
Близнецы (вулкан);Point(161.37 57.350833333)
Бойса;Point(144.963333333 -3.994444444)
Артени;Point(43.784880555 40.375844444)
Сумако;Point(-77.62583333 -0.53805556)
Q3411084;Point(2.97427 45.9589)
Маненгуба;Point(9.842 5.022)
Mount Kupe;Point(9.707 4.801)
Ара лер;Point(44.452222222 40.405555555)
Mount Kupe;Point(9.71222222 4.80944444)
Анейтьюм (вулкан);Point(169.790555555 -20.184166666)
Puy de la Nugère;Point(2.9837 45.8601)
Q3229393;Point(2.947 45.8181)
Богослов (вулкан);Point(-177.438333333 51.91)
Боина (вулкан);Point(41.833333333 11.25)
Аоба (вулкан);Point(167.849166666 -15.380277777)
Таупо;Point(175.900833333 -38.805555555)
Толуака (вулкан);Point(-71.645 -38.31)
Бам (вулкан);Point(144.819166666 -3.613055555)
Баззард-Крик;Point(-148.433 64.062)
Биу Плато;Point(12.0 10.75)
Богачёвский вулкан;Point(160.707136 54.973214)
Mont de la Dives;Point(77.549444444 -37.849444444)
Mauna Ulu;Point(-155.201 19.3668)
Аку;Point(117.4614 56.1776)
Mocho-Choshuenco;Point(-72.0375 -39.909722222)
Три Сестры;Point(149.92 45.93)
Q3411123;Point(2.955 45.8278)
Барановский вулкан (Красноярский край);Point(101.933333333 60.916666666)
Puy de Mercœur;Point(2.95583 45.7164)
San Pedro de Tarara;Point(-70.8863297 -35.9948665)
Большая Кытэпана;Point(158.233333333 56.95)
Муриа;Point(110.88333333 -6.61666667)
Q3471599;Point(6.93722 43.525)
Puy de Louchadière;Point(2.95083 45.8531)
Биу Плато;Point(12.1333333 10.55)
Блэк-Рок-Дезерт;Point(-112.5 38.966666666)
Сига;Point(138.510725 36.699427777)
Pico do Cabugi;Point(-36.32083333 -5.70611111)
Pic du Mascarin;Point(51.7446 -46.4381)
Q3322034;Point(50.432 -45.952)
Mont de la Dives;Point(77.55 -37.848)
Puy de Paugnat;Point(2.9778 45.8803)
Pic du Mascarin;Point(51.7457 -46.4378)
Бир Борхут;Point(50.633333333 15.55)
Байонезе Рокс (подводный вулкан);Point(139.916666666 31.883333333)
Mælifellshnjúkur;Point(-19.366149 65.400014)
Амстердам (вулкан);Point(77.548528 -37.849239)
Асенсьон (вулкан);Point(-14.342336111 -7.951797222)
Puy des Goules;Point(2.98059 45.8095)
Алисо;Point(-78.007141666 -0.533)
Бем-Канал – Радиерд-Бэй;Point(-131.05 55.316666666)
Puy de la Vache;Point(2.96335 45.7054)
Kyatwa;Point(30.25 0.45)
Блу-Лейк (кратер);Point(-121.773888888 44.411388888)
Bud Dajo;Point(121.05666667 6.01333333)
Путана;Point(-67.852834 -22.557302)
Алней;Point(159.644894444 56.692016666)
Иван Грозный;Point(147.873611111 45.0125)
Баканови;Point(155.35 -6.15)
Petit Suchet;Point(2.961171 45.789786)
Иван Грозный;Point(147.917 45.0282)
Q3322136;Point(-151.452 -16.828)
Асунсьон (вулкан);Point(145.403611111 19.6925)
Mount Karakuni;Point(130.86166667 31.93416667)
Маненгуба;Point(9.83 5.03)
Mount Kirigamine;Point(138.167 36.1)
Puy de Gravenoire;Point(3.04974 45.75153)
Ааг;Point(158.656466666 53.395816666)
Q3273698;Point(3.08175 45.7766)
Puy de Côme;Point(2.94332 45.7965)
Сига;Point(138.51273 36.69999)
Kone;Point(39.692 8.8)
Льюльяйльяко;Point(-68.536852 -24.719863)
Стромболи;Point(15.217777777 38.794166666)
Вулкан Фусса;Point(155.2475 50.269722222)
Аринтика;Point(-69.05 -18.75)
Ключевская Сопка;Point(160.633333333 56.066666666)
Теревака;Point(-109.379444444 -27.084444444)
Бреннистейнсалда;Point(-19.145833 63.980833)
Абу (вулкан);Point(131.6 34.5)
Гуальятири;Point(-69.0917 -18.4167)
Камерун;Point(9.1725 4.216666666)
Парикутин;Point(-102.251 19.493)
Амбайтл (вулкан);Point(153.619444444 -4.065277777)
Þríhnúkagígur;Point(-21.69888889 63.99833333)
Тятя;Point(146.25099 44.35408)
Вулкан Врангеля;Point(-144.015833333 62.006944444)
Копауэ;Point(-71.1675 -37.852222222)
Ньирагонго;Point(29.25 -1.516666666)
Тефтан;Point(61.133333333 28.6)
Галерас;Point(-77.366666666 1.216666666)
Эребус;Point(167.283333333 -77.533333333)
Mount Lurus;Point(113.580277777 -7.739166666)
Корковадо;Point(-72.792777777 -43.193055555)
Сокомпа;Point(-68.256111111 -24.393333333)
Амбайтл;Point(153.95 -4.083333333)
Robledo;Point(-67.72 -26.77)
Типас;Point(-68.55 -27.2)
Антофагаста-де-ла-Сьерра;Point(-67.535833333 -25.968055555)
Mount Overlord;Point(164.6 -73.166666666)
Руапеху;Point(175.566666666 -39.283333333)
Амстердам;Point(77.554722222 -37.825833333)
Халласан;Point(126.516666666 33.35)
Паринакота;Point(-69.141611111 -18.165752777)
Мауна-Кеа;Point(-155.468055555 19.820555555)
Престахнукур;Point(-20.58 64.6)
Mount Kaba;Point(102.62 -3.52)
Илопанго;Point(-89.05 13.66666667)
Bandama Caldera;Point(-15.455556 28.033333)
Mallahle;Point(41.655 13.277)
Амбайтл;Point(153.621388888 -4.080833333)
Амбанг;Point(124.415833333 0.7575)
Невадо-дель-Руис;Point(-75.323611111 4.8925)
Иррупутунку;Point(-68.566666666 -20.733333333)
Sierra Nevada;Point(-71.58333333 -38.58333333)
Домуйо;Point(-70.433 -36.6397)
Чайтен;Point(-72.645833333 -42.832777777)
Попокатепетль;Point(-98.62778 19.02222)
Померапе;Point(-69.126719444 -18.126275)
Сиране;Point(138.527777777 36.643888888)
Вьедма (вулкан);Point(-73.283333333 -49.358333333)
Hohe Acht;Point(7.011111111 50.385833333)
Заводовский;Point(-27.566666666 -56.3)
Сен-Поль;Point(77.522222222 -38.73)
Эз-Зубайр;Point(42.16666667 15.05)
Акита-Комагатаке;Point(140.803611111 39.760833333)
Гарибальди;Point(-123.004722222 49.850555555)
Келуд;Point(112.305555555 -7.933333333)
Gunung Telomoyo;Point(110.4 -7.37)
Tromen;Point(-70.03 -37.142)
Антофалья;Point(-67.880833333 -25.5625)
Ясур;Point(169.441666666 -19.533333333)
Сан-Сальвадор;Point(-90.7 -0.25)
Аракар;Point(-67.7833 -24.29)
Ланин;Point(-71.499722222 -39.632777777)
Тятя;Point(146.250833333 44.353888888)
Сиране;Point(138.528333333 36.645277777)
Эрайвайёкюдль;Point(-16.642063888 64.025436111)
Вулкан Сарычева;Point(153.201388888 48.090555555)
Mount Butak;Point(112.45 -7.92)
Акаги (вулкан);Point(139.193611111 36.560833333)
Lonquimay;Point(-71.59272222 -38.37894444)
Атсонупури;Point(147.1275 44.807222222)
Акамарачи;Point(-67.617222222 -23.295833333)
Бакл;Point(163.25 -66.783333333)
Дом;Point(2.9624 45.772)
Крабла;Point(-16.783333333 65.733333333)
Пакая;Point(-90.601111111 14.380833333)
Йотей;Point(140.806388888 42.827222222)
Эль-Чичон;Point(-93.227777777 17.36)
Búrfell;Point(-19.82777778 64.08694444)
Bláhnjúkur;Point(-19.0681 63.9768)
Tunupa volcano;Point(-67.64 -19.83)
Серро-Хадсон;Point(-72.966666666 -45.916666666)
Банда Апи;Point(129.87582 -4.52201)
"Серро-Асуль (Чили; вулкан)";Point(-70.760833333 -35.653333333)
Ауканкильча;Point(-68.466666666 -21.216666666)
Каймон;Point(130.528333333 31.18)
Чигинагак;Point(-156.991388888 57.133611111)
Эспаньола;Point(-89.683333333 -1.366666666)
Рано-Рараку;Point(-109.43524 -27.18632)
Корякская сопка;Point(158.683333333 53.316666666)
остров Атласова;Point(155.559444444 50.859722222)
Азуфраль;Point(-77.718758333 1.085263888)
Фуэго;Point(-90.880833333 14.474722222)
Ла-Малинче;Point(-98.03194444 19.23083333)
Бренништайнсфьюдл;Point(-21.833333333 63.916666666)
Puy Griou;Point(2.70611 45.0803)
Серро-Соло;Point(-68.716666666 -27.108333333)
Mount Serua;Point(130.0 -6.3)
Mount Tateshina;Point(138.29586 36.10421)
Lastarria;Point(-68.5 -25.166666666)
Бееренберг;Point(-8.155880555 71.079666666)
Центральный;Point(36.05 3.5)
Момотомбо;Point(-86.538577 12.424312)
Mentolat;Point(-73.075833333 -44.696666666)
Makian;Point(127.366666666 0.333333333)
Берутарубе;Point(146.93163 44.46131)
Гунунг Мербабу;Point(110.44 -7.455)
Аршан (вулканическое поле);Point(120.7 47.5)
Анкаратра;Point(47.243341666 -19.349777777)
остров Атласова;Point(155.566666666 50.866666666)
Кливленд;Point(-169.945 52.822222222)
Бам (остров);Point(144.816666666 -3.616666666)
Mount Tateshina;Point(138.295 36.103611111)
Macizo de Teno;Point(-16.85 28.3)
Банда Апи;Point(129.871388888 -4.525)
Нижняя Донгнай;Point(107.2 10.8)
Тупунгатито;Point(-69.798055555 -33.423888888)
Бабуян Кларо;Point(121.94 19.523333333)
Осорно;Point(-72.493055555 -41.1)
Багабаг;Point(146.233333333 -4.8)
Джебель ат-Тайр;Point(41.83 15.54)
Вулкан Баранского;Point(148.015555555 45.103333333)
Таапака;Point(-69.5 -18.1)
Тарумаэ;Point(141.378055555 42.69)
Agnano;Point(14.14972222 40.84472222)
Рано-Рараку;Point(-109.286111111 -27.123888888)
Ньямлагира;Point(29.2 -1.408333333)
Чумэтул-Маре;Point(25.88 46.13)
Антуко (вулкан);Point(-71.351111111 -37.41)
Бенталь (гора);Point(35.782777777 33.129166666)
Балуан;Point(147.283333333 -2.55)
Бандай;Point(140.072222222 37.600833333)
Чупикинья;Point(-69.8 -17.666666666)
Остров Анциферова;Point(154.983333333 50.2)
Серро Браво;Point(-75.292222222 5.089166666)
Исалько;Point(-89.633333333 13.813055555)
Ардоукоба;Point(42.495833333 11.571944444)
Cay;Point(-72.98583333 -45.0625)
Харра Бал Хаф;Point(48.333333333 14.05)
Попоманасеу;Point(160.061944444 -9.703611111)
Capelinhos;Point(-28.831569444 38.601322222)
Q1055937;Point(-67.415555555 -22.260833333)
Ивате;Point(141.00111111 39.8525)
San Antonio;Point(-17.848244444 28.485919444)
Пику;Point(-28.40095 38.467271)
Пинта;Point(-90.753588888 0.5833)
Harrat Lunayyir;Point(37.75 25.17)
Пуйеуэ;Point(-72.117222222 -40.590277777)
Авачинская Сопка;Point(158.832777777 53.255)
Новарупта;Point(-155.156666666 58.266666666)
Хаконе;Point(139.023888888 35.23)
Авачинская Сопка;Point(158.833333333 53.255555555)
Рабида;Point(-90.709 -0.413)
Консепсьон;Point(-85.616666666 11.533333333)
Cerro Verde;Point(-89.62333333 13.82722222)
Бриджман;Point(-56.733333333 -62.066666666)
Камигин;Point(121.86 18.83333333)
Остров Анциферова;Point(154.981388888 50.200555555)
Альгид;Point(12.7786 41.7267)
Пику;Point(-28.399166666 38.468611111)
Бенталь (гора);Point(35.7856 33.1281)
Берутарубе;Point(146.927222222 44.475)
Cerro Verde;Point(-89.625277777 13.827777777)
Гроджин;Point(16.333344444 50.4142)
Флореана;Point(-90.434166666 -1.2975)
Майпо;Point(-69.832777777 -34.160555555)
Бисоке;Point(29.448333333 -1.511111111)
Остров Броутона;Point(150.733333333 46.716666666)
Silay;Point(123.23333333 10.76666667)
Кальбуко;Point(-72.611111111 -41.332777777)
Mount Chōkai;Point(140.048888888 39.099166666)
Ундзэн;Point(130.298694 32.761342)
Поас;Point(-84.2302979 10.1978153)
Окмок;Point(-168.13 53.43)
Дескабесадо-Гранде;Point(-70.75 -35.583333333)
Ndete Napu;Point(121.78 -8.72)
Randecker Maar;Point(9.523 48.5742)
Серро-Байо;Point(-68.583333333 -25.416666666)
Juriques;Point(-67.824722222 -22.845277777)
Вулкан Заварицкого;Point(151.95 46.916666666)
Тенегия;Point(-17.85166667 28.47333333)
Такора;Point(-69.766666666 -17.716666666)
Nuevo Mundo volcano;Point(-66.478333333 -19.774166666)
Keluo;Point(125.92 49.37)
Нантай;Point(139.493888888 36.761944444)
Сан-Педро;Point(-91.2659 14.6559)
Фонуалеи;Point(-174.325 -18.024)
Осореяма;Point(141.12 41.279)
"Mount Victoria; Auckland";Point(174.799 -36.8266)
Гренсдалюр;Point(-21.190626 64.04649)
Hornopirén;Point(-72.431388888 -41.874444444)
Juriques;Point(-67.8392 -22.8475)
Hrafnabjörg;Point(-20.921597 64.272593)
Пинсон;Point(-90.65 -0.6)
Мармолехо;Point(-69.864514 -33.717129)
Яте;Point(-72.400277777 -41.758888888)
Mont Marion-Dufresne;Point(52.256944444 -46.416388888)
Инкауаси;Point(-68.3 -27.033333333)
Ирасу;Point(-83.8525 9.979166666)
Торфаёкюдль;Point(-19.009708333 63.881544444)
Босави;Point(142.826666666 -6.614166666)
Невадо-Сан-Франциско;Point(-68.263055555 -26.918333333)
Канталь (горный массив);Point(2.67611 45.10944)
Ябука;Point(15.460098888 43.091813888)
Caldeira das Sete Cidades;Point(-25.786166666 37.855194444)
Онтаке;Point(137.480277777 35.892777777)
Mount Parker;Point(124.88972222 6.11416667)
Q1945827;Point(-110.95 18.78)
Keluo;Point(125.90972222 49.38)
"Mount Victoria; Auckland";Point(174.79889 -36.82639)
Козыревка;Point(158.383333333 55.583333333)
Пурасе;Point(-76.394166666 2.314166666)
Svartsengi;Point(-22.44816 63.87766)
Арамуака;Point(-88.105 13.428055555)
Mount Isarog;Point(123.373333333 13.659166666)
Дайсецудзан (хребет);Point(142.85 43.65)
Такана;Point(-92.1058 15.1334)
Килотоа;Point(-78.897286111 -0.861194444)
Лате;Point(-174.65 -18.8)
Келимуту;Point(121.82 -8.77)
Mount Tehama;Point(-121.559427777 40.445436111)
Алседо;Point(-91.109104 -0.396583)
Мехетиа;Point(-148.066666666 -17.866666666)
Mount Mézenc;Point(4.195 44.91111111)
Ханиш;Point(42.75 13.75)
Агуа;Point(-90.742777777 14.465)
Тау;Point(-170.72806 -14.31778)
Яте;Point(-72.396388888 -41.754722222)
Пуа-Катики;Point(-109.25505 -27.105322222)
Гауа;Point(167.516388888 -14.283055555)
Серро-Эль-Муэрто;Point(-68.483888888 -27.0575)
Лопеви;Point(168.5 -16.833333333)
Кумбаль;Point(-77.883333333 0.955833333)
Rarotonga / Mount Smart;Point(174.8125 -36.918333333)
Рога Хаттина;Point(35.459722222 32.799722222)
Mount Sirung;Point(124.133333333 -8.516666666)
Q1436026;Point(81.64972222 35.70111111)
Quetrupillán;Point(-71.7 -39.5)
Братан;Point(115.133333333 -8.283333333)
Kuwae;Point(168.536111111 -16.829166666)
Патомский кратер;Point(116.58944444 59.28472222)
Mount Mikeno;Point(29.41681722 -1.46276833)
Хенгидль;Point(-21.313611111 64.085555555)
Нуси-Бе;Point(48.2675 -13.315)
Пантеллерия;Point(12.0 36.783333333)
Офу-Олосега;Point(-169.616666666 -14.166666666)
Grímsnes;Point(-20.889444444 64.036666666)
Putauaki;Point(176.8 -38.1)
Окмок;Point(-168.166111111 53.396944444)
Горелый;Point(158.033333333 52.558333333)
Newer Volcanics Province;Point(142.5 -37.77)
Morne Watt;Point(-61.305 15.307)
Нантай;Point(139.48741 36.768)
Сан-Феликс;Point(-80.0833 -26.2986)
Сокорро;Point(-110.975 18.784444444)
Рангитото;Point(174.860115 -36.786742)
Толиман;Point(-91.189166666 14.6125)
Caldeira das Sete Cidades;Point(-25.78 37.87)
Вольф;Point(-91.333333333 0.033333333)
Сан-Педро;Point(-91.265833333 14.655833333)
Крайний;Point(159.033333333 56.366666666)
Вулькано;Point(14.962 38.404)
Марчена;Point(-90.5 0.35)
Масарага;Point(123.6 13.310277777)
Керлингарфьёдль;Point(-19.25 64.65)
Гауа;Point(167.517 -14.2839)
Бней-Расан;Point(35.833888888 33.081944444)
Вулкан Татаринова;Point(155.45 50.3)
Longgang volcano group;Point(126.5 42.33333333)
Сурибати;Point(141.287783333 24.749030555)
Вулкан Креницына;Point(154.705277777 49.353055555)
Монт-Росс;Point(69.5 -49.6)
Chaos Crags;Point(-121.521111111 40.524166666)
Талакмау;Point(99.983333333 0.079166666)
Моханда;Point(-78.27 0.13)
Riang Kotang;Point(122.892 -8.3)
Гунтур;Point(107.839722222 -7.143333333)
Mount Sempu;Point(124.758 1.13)
Вулкан Геодезистов;Point(158.68 56.333888888)
Азул;Point(-83.868888888 12.528888888)
Федотыч;Point(160.4 57.133333333)
Crête de la Novara;Point(77.52224 -38.71341)
Pico Birigoyo;Point(-17.8408747 28.6049295)
Чикурачки;Point(155.461666666 50.321666666)
Geysir geothermal field;Point(-20.2999 64.3167)
Cayutue-La Vigueria;Point(-72.27 -41.25)
Iliwerung;Point(123.57 -8.53)
Volcán Huequi;Point(-72.578055555 -42.376666666)
Брава;Point(-24.716666666 14.85)
Q2861446;Point(-67.9875 -24.416944)
Wolo Inelika;Point(120.98 -8.73)
Сан-Хосе;Point(-69.897222222 -33.781666666)
Dofan;Point(40.13194444 9.34444444)
Агуас-Кальентес (вулкан);Point(-67.685 -23.368333333)
Karaha Crater;Point(108.08 -7.12)
Вулкан Смирнова;Point(146.134722222 44.419722222)
Варда;Point(35.788888888 33.211111111)
Poco Leok;Point(120.48 -8.68)
Вулкан Менделеева;Point(145.736111111 43.976388888)
Хермонит;Point(35.793611111 33.185277777)
Ata volcano;Point(-68.576111111 -27.181944444)
Кунтоминтар;Point(154.014444444 48.758055555)
Q2144882;Point(120.225 -10.121667)
Salín;Point(-68.0639 -24.3317)
Wai Sano;Point(120.0166667 -8.71666667)
Ильинская Сопка;Point(157.2 51.49)
Хакусан;Point(136.5 36.1)
Вулкан W;Point(179.18333333 -31.85)
Азул;Point(-83.95888889 12.55305556)
Сотара;Point(-76.591944444 2.108055555)
Q2933737;Point(-71.0 -37.85)
Авиталь;Point(35.788888888 33.115)
Callaqui;Point(-71.45 -37.916666666)
Crête de la Novara;Point(77.52 -38.715)
Большой Паялпан;Point(157.75 55.833333333)
Иктунуп;Point(160.75 58.083333333)
"Апи (вулкан; остров Сангеанг)";Point(119.05 -8.18)
Purchas Hill;Point(174.847476 -36.887138)
Iliwerung;Point(123.573333333 -8.532222222)
Volcán Huequi;Point(-72.57472 -42.36333)
Tristan da Cunha;Point(-12.2875 -37.11111111)
Санто-Томас;Point(-91.478611111 14.710277777)
Albert Park Volcano;Point(174.767263 -36.848585)
Вулкан W;Point(-179.183333333 -31.85)
Tshibinda;Point(28.7442 -2.3083)
Удокан;Point(117.77 56.28)
Wudalianchi;Point(126.12 48.71666667)
Ciguatepe;Point(-86.142 12.53)
Минчинмавида;Point(-72.445833333 -42.799166666)
Кудрявый;Point(148.81647 45.38494)
Leroboleng;Point(122.842 -8.358)
Большая Ипелька;Point(156.9725 52.663333333)
Iyang-Argapura;Point(113.57 -7.97)
Волкан-де-лос-Патос;Point(-68.808888888 -27.301111111)
Вулкан Дарвина;Point(-91.283333333 -0.183333333)
Santa Isabel;Point(-75.36666667 4.81666667)
Вулкан Перетолчина;Point(99.034722222 52.719166666)
Синарка;Point(154.180833333 48.873888888)
Pico Birigoyo;Point(-17.841111111 28.605)
Ata volcano;Point(-68.5762 -27.1819)
Kamojang;Point(107.8 -7.125)
Banne d'Ordanche;Point(2.77278 45.6108)
Перес;Point(35.863888888 32.959444444)
Аждаак;Point(44.947255555 40.225761111)
Poco Ranaka;Point(120.516666666 -8.633333333)
Текуамбурро;Point(-90.406944444 14.156111111)
Rodderberg;Point(7.198333333 50.6425)
El Totumo;Point(-75.24140278 10.74447222)
Тункинская котловина;Point(102.5 51.5)
Май-я-Мото;Point(29.333333333 -0.933333333)
Suchitan;Point(-89.78 14.333333333)
Tshibinda;Point(28.75 -2.316666666)
Вулкан Головнина;Point(145.505555555 43.843055555)
Cerro Singüil;Point(-89.6315 14.053)
Wayang-Windu;Point(107.63 -7.208)
Кайленэй;Point(160.666666666 57.8)
Mount Belinda;Point(-26.33333333 -58.43333333)
Демон;Point(148.8603 45.5014)
Malang Plain;Point(112.68 -8.02)
Атликскос;Point(-96.526388888 19.808888888)
Сан-Педро;Point(-68.39166667 -21.8875)
Хангар;Point(157.366666666 54.75)
volcanoes of the Leizhou Peninsula;Point(110.16666667 20.5)
Чирип;Point(147.912222222 45.377222222)
Citerne;Point(-61.657 16.0334)
Дуконо;Point(127.878105 1.699505)
Кудрявый;Point(148.813055555 45.383888888)
Анак-Кракатау;Point(105.423055555 -6.101944444)
Cerro Tujle;Point(-67.9515 -23.8354)
Montaña Quemada;Point(-17.84042 28.62497)
Purchas Hill;Point(174.847 -36.8871)
Агуа-де-Пау;Point(-25.491558333 37.760333333)
Возвышенность Шатского;Point(158.0666667 32.03333333)
Mount Iō;Point(130.3049 30.7928)
Mount Hōonji;Point(136.5975 36.063333)
Mount Boucherie;Point(-119.581 49.8539)
Mount Hōonji;Point(136.5975 36.063333333)
Mount Manaia;Point(174.517 -35.818)
Karasugasen;Point(133.570556 35.355833)
Q10392610;Point(-27.4493 38.7514)
Mount Koshiki;Point(130.859167 31.965)
Тавкветили;Point(43.7214 41.6811)
Urzelina (volcano);Point(-28.1219 38.6675)
Энива;Point(141.28555556 42.79333333)
Hiruzen;Point(133.66361111 35.325)
Mount Hodson;Point(-27.15 -56.7)
Little Mount Cameroon;Point(9.11583 4.07306)
Mount Darnley;Point(-26.5 -59.05)
Mount Chisenupuri;Point(140.596667 42.888056)
Milbanke Sound Group;Point(-128.35027778 52.35472222)
Mount Tenchō;Point(145.085778 44.044389)
Mount Akandana;Point(137.572222222 36.2)
Nova Iguaçu Volcano;Point(-43.46638889 -22.76694444)
San Carlos;Point(8.539166666 3.360833333)
Mount Dainichi;Point(136.493056 36.161944)
San Pablo;Point(-68.36666667 -21.86666667)
Te Pou Hawaiki;Point(174.767 -36.8825)
S P Crater;Point(-111.629322222 35.582225)
Q6638133;Point(35.8338309 33.081932)
Mount Chūbetsu;Point(142.894444444 43.591111111)
Palpana;Point(-68.5225 -21.546666666)
Mount Dainichi;Point(136.4925 36.1635)
Mount Neko;Point(131.150555555 32.885)
Mount Raiden;Point(140.469444444 42.903611111)
Mount Onoko;Point(138.936944 36.580833)
Jocotitlán;Point(-99.7589 19.7381)
Mount Garan;Point(131.427777777 33.3175)
Mount Kurikoma;Point(140.788888888 38.961111111)
Eboshi-dake;Point(138.38722222 36.43333333)
Maungataketake;Point(174.747548 -36.994635)
West Molokai Volcano;Point(-157.2 21.13)
Michoacán-Guanajuato volcanic field;Point(-101.75 19.85)
Сусаки;Point(23.08720016 37.9367981)
Little Matterhorn;Point(73.5 -53.0667)
Mount Ōgi;Point(134.440833333 35.439722222)
Harra es-Sawad;Point(46.12 13.58)
Q6587022;Point(35.82650278 33.15952778)
Mount Motoshirane;Point(138.53772 36.62494)
Mount Sourabaya;Point(-26.6 -59.05)
Little Mount Cameroon;Point(9.1157 4.0744)
Maungaturoto;Point(173.881 -35.3694)
Q6942101;Point(35.8113 32.9793)
Ngualla;Point(32.83932176 -7.7086222)
Mount Motoshirane;Point(138.531667 36.622939)
Mount Raiden;Point(140.4683 42.9042)
Monte Muambe;Point(34.094166666 -16.323055555)
Batea Mahuida Volcano;Point(-71.1928 -38.8189)
Kurose Hole;Point(139.68 33.4)
East Molokai Volcano;Point(-156.84 21.11)
Mount Tenjō;Point(139.15294444 34.21919444)
Santa Clara Volcano;Point(-113.625 37.256944444)
Miño Volcano;Point(-68.6 -21.183333333)
Medicine Lake Volcano;Point(-121.599530555 41.582525)
Hiruzen;Point(133.683333333 35.316666666)
Mount Kurino;Point(130.791694 31.954639)
Mount Tarō;Point(139.483333333 36.816666666)
Mount Korei;Point(133.479166666 35.437777777)
Central Skåne Volcanic Province;Point(13.52097 55.992928)
Itcha Mountain;Point(-124.83 52.7175)
Mount Neko;Point(131.14438889 32.8835)
Заречный вулкан;Point(160.833333333 56.366666666)
Tower Hill;Point(142.35 -38.3)
Mount Nitonupuri;Point(140.618056 42.885278)
Ōno Dake;Point(130.516666666 31.256111111)
Mount Chisenupuri;Point(140.5958 42.8883)
Taurere / Taylor Hill;Point(174.87 -36.8642)
Mount Onoko;Point(138.9375 36.581111111)
Гора Табор;Point(-122.595556 45.510833)
Mount Moriyoshi;Point(140.55 39.983333333)
Ōno Dake;Point(130.51680556 31.256)
Tanganasoga;Point(-18.000000048 27.765512814)
Nigorikawa;Point(140.433333 42.116667)
Nabukelevu;Point(177.98 -19.12)
Mount Kurino;Point(130.7958 31.9475)
Mount Furano;Point(142.634722222 43.393611111)
Palpana;Point(-68.5227 -21.5464)
Ричмонд (гора);Point(174.839 -36.9326)
Mount Iō;Point(130.30527778 30.79305556)
Mount Fuppushi;Point(141.35888889 42.71694444)
Mount Ōmuro;Point(139.094444444 34.904166666)
Кудзю;Point(131.24083333 33.08222222)
Q6164668;Point(-4.138227777 39.061405555)
Singu Plateau;Point(95.96666667 22.68333333)
Mount Tōnoshike Nupuri;Point(140.843056 42.603611)
Mount Tarō;Point(139.48278 36.81778)
Mount Tenjō;Point(139.1548 34.2215)
Mount Sukumo;Point(139.037222222 35.005)
Te Puke;Point(174.03 -35.252)
Mount Asakuksa;Point(139.23351 37.34365)
Waiowa;Point(149.075 -9.56667)
Volcán Cacho Negro;Point(-84.046111111 10.195833333)
Tore;Point(154.935 -5.835)
Лисюхоудль;Point(-23.24888889 64.87361111)
Washiba-Kumonotaira;Point(137.594167 36.408056)
Cerro Cachio;Point(-89.748988888 13.900033333)
Kutum Volcanic Field;Point(25.85 14.57)
Serdán-Oriental;Point(-97.47 19.27)
Kiska;Point(177.602 52.103)
Mount Takasaki;Point(131.524167 33.251944)
Mount Iizuna;Point(138.133333333 36.733333333)
Ахтанизовская блевака;Point(37.08202222 45.31215556)
Sierra la Primavera;Point(-103.52 20.62)
Mount Mayu;Point(130.33944444 32.76833333)
Tangaroa;Point(178.028 -36.321)
Papayo;Point(-98.7 19.308)
Mount Kurohime;Point(138.1283 36.8175)
Maroa;Point(176.08 -38.42)
Mount Hanare;Point(138.61202778 36.35388889)
Comondu-La Purisima;Point(-111.92 26.0)
Q12763633;Point(96.8211 4.768889)
Mount Kinbō;Point(130.638611111 32.813888888)
Morne Plat Pays;Point(-61.366666666 15.25)
Q12775851;Point(-27.316666666 38.733333333)
Clark;Point(177.839 -36.446)
Rumble III;Point(178.478 -35.745)
Jingbo;Point(128.83 44.08)
East Diamante;Point(145.67 15.93)
Zitácuaro-Valle de Bravo;Point(-100.25 19.4)
Cerro Asososca;Point(-86.675 12.453)
Las Cumbres;Point(-97.27 19.15)
Cerro Congo;Point(-84.227222222 10.254444444)
Río Murta;Point(-72.708 -46.17)
Вулкан Карпинского;Point(155.380833333 50.141944444)
South Island;Point(36.6 2.63)
Quimsachata;Point(-71.35583333 -14.16555556)
La Gloria;Point(-97.25 19.33)
Tin Zaouatene volcanic field;Point(2.83 19.83)
Numazawa;Point(139.578889 37.450278)
North Island;Point(36.049 4.059)
Lac Asososca;Point(-86.663 12.434)
Cerro de Apaneca;Point(-89.798941666 13.841288888)
Mount Takasaki;Point(131.5235 33.2522)
Naolinco Volcanic Field;Point(-96.75 19.67)
Whangarei;Point(174.27 -35.75)
Mount Kinbō;Point(130.639111111 32.814055555)
Ol Kokwe;Point(36.075 0.62)
Hijiori;Point(140.178333 38.605833)
Лаохесан;Point(126.55 49.133333333)
El Tigre;Point(-88.43 13.47)
Cerro Congo;Point(-84.228 10.254)
Ch'uga-ryong;Point(127.33 38.33)
Perbakti-Gagak;Point(106.7 -6.75)
Mascota Volcanic Field;Point(-104.83 20.62)
Segererua Plateau;Point(37.9 1.57)
Бобров;Point(-177.4388889 51.90833333)
Nyambeni Hills;Point(37.916666666 0.25)
Jaraguay Volcanic Field;Point(-114.5 29.33)
Shiratori Yama;Point(130.838083 31.956583)
Синколагуа;Point(-78.36658056 -0.54579444)
Tombel Graben;Point(9.717 4.758)
Татэ (вулкан);Point(137.620833333 36.572222222)
Okataina;Point(176.5 -38.12)
Q12761993;Point(10.83333 23.0)
Вулкан Карпинского;Point(155.381388888 50.140277777)
Q12838703;Point(49.107777777 39.510833333)
Cerro el Aguila;Point(-89.698175 13.893036111)
Liado Hayk;Point(38.78 7.77)
Utsukushigahara;Point(138.107442 36.225797)
Kawi-Butak;Point(112.45 -7.92)
Sanbangsan;Point(126.313611111 33.240555555)
Punta Púlpito;Point(-111.444 26.517)
Morne aux Diables;Point(-61.45 15.61667)
Taryatu-Chulutu;Point(99.95 48.133)
Mount Kurohime;Point(138.127222222 36.813333333)
Megata;Point(139.733333 39.95)
Mount Mekunnai;Point(140.469444444 42.903611111)
Korath Range;Point(35.883333 5.1)
Shiratori Yama;Point(130.833055555 31.96)
Cerro Nicholson;Point(-71.73 -16.260556)
Huambo;Point(-72.13333 -15.8333)
Mount Akanfuji;Point(144.006388888 43.374166666)
Nyambeni Hills;Point(37.87 0.23)
Mount Iizuna;Point(138.133611111 36.739166666)
Xianjindao;Point(128.0 41.33)
Morne Plat Pays;Point(-61.3465 15.2495)
Fukue;Point(128.851111 32.653056)
Durango volcanic field;Point(-104.45 24.15)
Rumble V;Point(178.196 -36.142)
Q12411374;Point(35.84440833 33.06523333)
Santa Clara;Point(-86.81 12.578)
Palena Volcanic Group;Point(-72.47 -43.78)
Los Humeros;Point(-97.45 19.68)
Татэ (вулкан);Point(137.59 36.571)
Tahalra Volcanic Field;Point(5.0 22.67)
Kuttara;Point(141.163333 42.488889)
Morne aux Diables;Point(-61.436 15.6125)
Fuerteventura;Point(-15.016666666 28.358333333)
Q13189104;Point(-69.380035 -14.613485)
Rumble IV;Point(178.05 -36.13)
Mutsu-Hiuchi-dake;Point(141.056389 41.436389)
San Borja Volcanic Field;Point(-113.75 28.5)
Бобров;Point(-177.4422 51.9067)
Q109017530;Point(4.98715 60.33397)
Volcán Tutupaca;Point(-70.372222222 -17.025555555)
Q107467286;Point(17.5246697 49.7750233)
Mitsumine San;Point(138.88061 36.46092)
Q109017582;Point(4.90989 60.40992)
Mount Ōtaira;Point(139.6883 33.12554)
Asama Yama;Point(138.93 36.481666666)
Drakon;Point(147.88868 45.01936)
Вулкан Сыни;Point(117.3384 56.1971)
Maekake Yama;Point(138.51323 36.40382)
Maungauika;Point(174.812555 -36.827649)
Q109039301;Point(-73.7340379 45.4325804)
Q109017528;Point(5.31255 59.93513)
Mount Kamon;Point(138.85088 36.4774)
Q109017672;Point(5.17424 60.2261)
Futatsu Dake;Point(138.90403 36.48153)
Q109016926;Point(5.2019289 59.9163678)
Q109017219;Point(5.22429 59.90742)
Morro da Piedade;Point(-16.712333333 32.74225)
Q109017683;Point(5.19602 59.90033)
Petit Puy de Dôme;Point(2.96883 45.77819)
Benbow;Point(168.0967 -16.2608)
Mount Haruna Fuji;Point(138.878055555 36.4775)
Mount Mata o le Afi;Point(-172.507222222 -13.608888888)
I Vancori;Point(15.21209 38.78874)
Q109021854;Point(4.6405 60.8421)
Q109021102;Point(4.6411 60.8449)
Q109038041;Point(5.22117 59.92458)
Q109036046;Point(4.7352076 60.7556277)
Q109035993;Point(5.1616 59.5892)
Puy de Montjuger;Point(2.9421 45.70532)
Suzuga Take;Point(139.152222222 36.555)
Q109037821;Point(4.6803 60.7873)
"Mount Maria; Malaysia";Point(117.96 4.42)
Goat Mountain;Point(-103.4057342 29.1877018)
Mount Otake;Point(129.7131 29.6385)
Goat Mountain;Point(-103.40573 29.1877)
Q109017215;Point(4.91978 60.30203)
Pipkin;Point(-116.62 34.68666667)
Q109017814;Point(-60.63816 8.66737)
Q109016808;Point(4.94686 60.30536)
Mount Kurobi;Point(139.193333333 36.560833333)
The Peak;Point(-12.283333333 -37.1)
Yuhualixqui;Point(-99.052736111 19.316216666)
Takanosu Yama;Point(138.90567 36.46113)
Q109037819;Point(4.6327 60.8446)
Volcán Yucamane;Point(-70.198888888 -17.1825)
San Jerónimo volcano;Point(-66.5 -24.233333333)
Puy de Montgy;Point(2.932777777 45.7)
Q107539090;Point(-72.1336019 -13.2097206)
Puy de Pourcharet;Point(2.93153 45.70915)
Mount Mu;Point(-172.516388888 -13.608611111)
Sōma Yama;Point(138.900277777 36.475833333)
Q109017575;Point(4.86046 60.61091)
Phu Khao Fai Doi Pha Khok Hin Fu;Point(99.627222222 18.247777777)
Сопка Скалистая;Point(158.035 53.146111111)
Q109024015;Point(4.8854 60.34071)
Q31669898;Point(2.943888888 45.6925)
Bingushi Yama;Point(138.86291 36.4881)
Puy Chopine;Point(2.955119 45.827964)
Q109024011;Point(4.8852 60.3406)
Q109017529;Point(5.22789 59.90049)
Komaga Take;Point(139.193888888 36.551666666)
Cerro El Pacayal;Point(-88.333333333 13.466666666)
Mount Roundtop;Point(-163.595833333 54.797777777)
Puy de Vichatel;Point(2.96082 45.68652)
Cerro El Taburete;Point(-88.5317 13.4367)
Mont Richard-Foy;Point(50.21 -46.098)
Black Butte;Point(-114.352691 43.185367)
Volcán San Bartolo;Point(-99.09193 19.11209)
Volcán de La Mesnera;Point(-3.521080555 38.849063888)
Q109017224;Point(4.95939 60.4343)
Furnas;Point(-25.321521 37.762134)
Паниау;Point(-160.0855559 21.9363983)
Eboshiga Dake;Point(138.87456 36.48922)
Q109017105;Point(5.0449 59.8011)
Caldeirão do Corvo;Point(-31.1 39.7)
Puy de la Moréno;Point(2.94513 45.73748)
Sopka Baba;Point(156.5967 51.3017)
Q109016906;Point(5.2133 59.9149)
Mont Richard-Foy;Point(50.2166 -46.0962)
Vulkan Yermak;Point(147.859722222 45.009722222)
Mount Mokoto;Point(144.331 43.704333333)
Q109021874;Point(5.04869 60.29395)
Паниау;Point(-160.083333333 21.938611111)
Q109017135;Point(4.91301 60.43391)
Mount Fiamoe;Point(-171.798888888 -13.923611111)
Kurofu Yama;Point(138.488611111 36.405833333)
Q109038013;Point(5.33776 59.87778)
Вулкан Чепе;Point(118.77 56.23)
Сопка Синяя;Point(133.8044 43.8779)
Mount Savai'i;Point(-171.533055555 -13.998055555)
Q109037815;Point(4.6717 60.7763)
Maru Yama;Point(139.767777777 32.453055555)
Q107289715;Point(5.15955 60.35009)
Shadil-Khokh volcano;Point(44.2975 42.5425)
Q109017709;Point(5.07712 60.37869)
Q109039299;Point(52.73475 -7.067867)
Hachi Yama;Point(138.51381 36.69047)
Q109017527;Point(5.3594 59.9723)
Шиш (вулкан);Point(161.166666666 55.75)
Продольный;Point(157.216666666 55.433333333)
Экарма;Point(153.941944444 48.9475)
Casablanca;Point(-72.2126 -40.7635)
Тильмыг;Point(160.596841666 58.284363888)
Чингейнгейн;Point(158.3 56.15)
Явинский хребет;Point(156.6 51.55)
Половинный (вулкан);Point(159.866666666 56.466666666)
Подводный вулкан Рикорда;Point(152.683333333 47.416666666)
Руруй;Point(146.13889 44.45278)
Шлен (вулкан);Point(159.55 57.466666666)
Maungarei / Mount Wellington;Point(174.846554 -36.891909)
Mont Lokobe;Point(48.3175 -13.4133)
Эквадор (вулкан);Point(-91.9 -0.0333333)
Volcán Porvenir;Point(-84.360966725 10.271723502)
Эквадор (вулкан);Point(-91.546 0.02)
Слюнина (вулкан);Point(160.75 57.983333333)
Piton de Bébour;Point(55.56202 -21.12769)
Столбовой (вулкан);Point(158.65 55.43)
San Quintín Volcanic Field;Point(-116.0 30.47)
El Escondido volcano;Point(-75.043 5.514)
Гиреколь-тепе;Point(43.416666666 39.1)
Титовская сопка;Point(113.461944444 52.018611111)
Эквадор (вулкан);Point(-91.545833 -0.016667)
Пиратковский;Point(157.85 52.116666666)
Паялпан;Point(157.983333333 55.816666666)
Паулет (вулкан);Point(-55.791763888 -63.5813)
Спокойный (вулкан);Point(160.81666667 58.13333333)
Спокойный (вулкан);Point(160.816666666 58.133333333)
Ушишир;Point(152.814444444 47.512222222)
Laki;Point(-18.2373 64.0515)
Пирожникова (вулкан);Point(160.338236111 57.529972222)
Чиринкотан;Point(153.486666666 48.979722222)
Средний (вулкан);Point(160.037397222 57.326847222)
Mont Lokobe;Point(48.3144 -13.4078)
Билиран;Point(124.535 11.523)
Эбев-Бунанья;Point(158.433333333 55.95)
Райкоке (вулкан);Point(153.25 48.293055555)
Чёрная сопка;Point(93.070833333 55.917777777)
Средняя сопка;Point(160.578388888 56.110916666)
Солонцовский (палеовулкан);Point(136.565277777 45.439722222)
Mont d'Alambre;Point(4.15333 44.9175)
Паужетка (вулкан);Point(157.55 51.716666666)
Сергеева (вулкан);Point(160.55 57.766666666)
Терпук;Point(159.836111111 57.2)
Тиздар;Point(37.099263833 45.357036)
Carrizozo Malpais;Point(-106.0 33.77)
Тынуа;Point(157.866666666 55.85)
Урепарапара (вулкан);Point(167.3166667 -13.46666667)
Карымшина;Point(158.0 52.4)
Теклетунуп;Point(160.3224 57.707083333)
Ульванэй;Point(160.540452777 57.771175)
Bellerberg volcano;Point(7.230359 50.347334)
Тунупилянум;Point(160.665922222 58.089311111)
Трезубец (вулкан);Point(150.2 46.116666666)
Чашаконджа;Point(159.651247222 56.6153)
Харчинский;Point(160.816666666 56.433333333)
Тигильский;Point(159.6 56.566666666)
Mount Oyama;Point(139.5236 34.0934)
Piton de Bébour;Point(55.56167 -21.1278)
Mount Oyama;Point(139.526111111 34.090833333)
Этопань;Point(157.639533333 55.975813888)
Центральный (вулкан);Point(159.731755555 56.844372222)
Antaninaomby;Point(48.35 -13.466666666)
Титовская сопка;Point(113.458888888 52.008611111)
Харра Архаб;Point(44.046111111 15.5975)
Тобельцен;Point(160.734772222 58.263783333)
Седанкинский;Point(160.083333333 57.266666666)
Снежный (вулкан);Point(160.811944444 58.020277777)
Пик МНР;Point(42.7171452 43.2495)
Олька (вулкан на Камчатке);Point(158.666666666 56.6)
Оччамо;Point(158.166666666 55.616666666)
Фури (гора);Point(38.683333333 8.9)
Твитунуп;Point(159.972597222 57.344541666)
Янпат;Point(158.8 56.533333333)
Antaninaomby;Point(48.345 -13.4692)
Переваловый;Point(159.44405 56.783627777)
Центральный Семячик;Point(159.876980555 54.278655555)
Унана;Point(159.717936111 54.643097222)
Стокап;Point(147.3441 44.8393)
Piton de la Source;Point(55.59111 -21.17306)
Тумрок (вулкан);Point(160.883333333 55.383333333)
Руруй;Point(146.139444444 44.454166666)
Соболиный (вулкан);Point(159.439230555 54.147758333)
"Плоский (вулкан; 1236 м)";Point(158.477511111 55.189111111)
Zhuzi Mountain;Point(121.5625 25.21388889)
Чавыча (вулкан на Камчатке);Point(158.50635 56.63145)
Casablanca;Point(-72.0 -40.77138889)
Расшуа;Point(153.024722222 47.758055555)
Карымшина;Point(157.7666667 52.9)
Черпук Северный;Point(157.616666666 55.6)
Zhuzi Mountain;Point(121.559166666 25.210555555)
Шишейка;Point(161.083333333 57.15)
Рассошина (вулкан);Point(159.992508333 57.410941666)
Хайлюля (вулкан);Point(161.633333333 58.05)
Останец (вулкан);Point(157.321944444 52.146111111)
Стокап;Point(147.3425 44.8375)
Q17191410;Point(98.816667 2.616667)
Телеки (вулкан);Point(36.599579 2.3782)
Тундровый (вулкан);Point(157.339425 52.543217)
Восточный Бараний;Point(159.883333333 54.333333333)
Вулкан Чёрного;Point(150.866388888 46.521944444)
Cerro del Nacimiento;Point(-68.5125 -27.280555555)
Итаси;Point(46.783333333 -19.066666666)
Санбэ;Point(132.6208 35.1406)
Иульт;Point(160.6 55.233333333)
Заозёрный (вулкан);Point(159.95 56.883333333)
Cocoa Crater;Point(-130.7 57.65)
Дариганга (плато);Point(114.279 45.754)
Кошкулак;Point(89.685 54.45)
Магоби;Point(34.101944444 44.464444444)
Ламутский;Point(161.25 58.583333333)
Tetlalmanche Volcano;Point(-99.0015 19.3251)
Калгауч;Point(159.75 56.933333333)
Гиггенбах;Point(-178.7125 -30.035833333)
Harras of Dhamar;Point(44.40166667 14.55)
Копкан;Point(158.833333333 56.466666666)
Коронадо;Point(-113.51524 29.08886)
Карлыган (Абаканский хребет);Point(89.783333333 53.583333333)
Кимитина;Point(158.183333333 55.266666666)
Вулкан Палласа;Point(152.478888888 47.343055555)
Коронадо;Point(-113.513333333 29.083333333)
Колокол;Point(150.066111111 46.060277777)
Santiaguito;Point(-91.5681 14.7394)
Жёлтый (вулкан);Point(157.904577777 52.339325)
Каменистый (вулкан);Point(160.75 58.083333333)
Калгнитунуп;Point(159.9 57.05)
Лангтуткин;Point(160.82 58.18)
Малый Алней;Point(159.766666666 56.466666666)
Лагуна-Бланка (вулканическое поле);Point(-70.299722222 -39.0725)
Двор (вулкан);Point(159.433333333 54.05)
Западный Бараний;Point(159.866666666 54.333333333)
Лагерный (вулкан);Point(161.033333333 58.416666666)
Q6164647;Point(-66.7306 -24.3086)
Кобалан;Point(158.483333333 56.283333333)
Кроу-Лагун;Point(-130.233333333 54.7)
Метана;Point(23.336 37.615)
Северный;Point(160.871388888 58.282777777)
Лаучан;Point(157.35 55.466666666)
Крестовский (Ближняя Плоская сопка);Point(160.5 56.066666666)
Ветеран (вулкан);Point(109.05 9.833333333)
Кунхилок (вулкан);Point(159.9 57.05)
Dotsero;Point(-107.035 39.6606)
Верхне-Паратунские термальные источники;Point(158.15 52.816666666)
Montaña de Guaza;Point(-16.69166667 28.05)
Бунанья;Point(158.883333333 56.366666666)
Конради (вулкан);Point(160.55 55.083333333)
Киненин;Point(158.833333333 53.255555555)
Киреунский;Point(161.366666666 56.516666666)
Малая Удина;Point(160.616666666 55.75)
Q5492444;Point(-89.98333 14.3)
Ламанон (горы);Point(142.1 48.7)
Лелякина;Point(161.316666666 58.033333333)
Вулкан Берга;Point(150.15 46.116666666)
Голубицкий грязевой вулкан;Point(37.27775 45.334962)
Гарбес;Point(42.2 11.416666666)
Ветровый;Point(158.8 56.566666666)
Monumento Natural de Los Ajaches;Point(-13.781958333 28.8984)
Вулкан Севергина;Point(154.519444444 49.118055555)
Бус-Обо;Point(109.083333333 47.116666666)
Малая Ипелька;Point(156.75 52.283333333)
Cerro Prieto;Point(-115.308 32.418)
Кругленький;Point(158.983333333 56.566666666)
Peña Blanca;Point(-68.649444444 -26.825555555)
Малая Кытэпана;Point(158.4 56.683333333)
Лаучачан;Point(157.083333333 55.433333333)
Вулкан Анциферова;Point(154.975277777 50.200277777)
Гутанасар;Point(44.68386 40.36793)
Volcán  Evermakk;Point(-110.95 18.7833)
Ключевая (гора);Point(161.390833333 56.518611111)
La Caldereta;Point(-17.771475 28.673522222)
Бурлящий;Point(159.966666666 54.333333333)
Dakataua;Point(150.10833333 -5.05555556)
Лопеви (вулкан);Point(168.346111111 -16.506944444)
Кевенэйтунуп;Point(160.616666666 57.9)
Cerro del Nacimiento;Point(-68.5247 -27.2783)
Куюл (вулкан);Point(158.45 56.133333333)
Q5674083;Point(-71.3667 -36.8667)
Кахтана;Point(160.833333333 58.633333333)
Веер (вулкан);Point(159.65 56.7)
Заварицкий (вулкан);Point(159.65 56.7)
Coffee Crater;Point(-130.67 57.63)
Гречишкина (вулкан);Point(160.783333333 58.05)
Бус-Обо;Point(109.08 47.12)
Будули;Point(158.683333333 56.383333333)
Каратаг (гора);Point(89.654 54.69)
Cerro del Nacimiento;Point(-68.561 -27.1957)
Водораздельный вулкан;Point(160.65 56.15)
Cerro Colorado;Point(-67.92216667 -22.59233333)
Emperor of China;Point(124.21666667 -6.61666667)
Санбэ;Point(132.626611 35.13205)
Кастрюля (вулкан);Point(160.024444444 56.895)
Q6164646;Point(-70.574166666 -35.244583333)
Жировской;Point(158.25 52.616666666)
Вулкан Сноу;Point(150.868611111 46.510833333)
El Ermitaño;Point(-68.603333333 -26.786944444)
Вулкан Толмачёва;Point(157.732916666 52.551827777)
Q6044027;Point(28.430833333 38.620277777)
Jackson Volcano;Point(-90.1721 32.3001)
Вулкан Тарья;Point(158.5479473 52.906054)
Category:Higashinupukaushinupuri;Point(143.102222222 43.245833333)
Q97188494;Point(2.953888888 45.7575)
Piton Iris;Point(55.7055965 -21.2561897)
Mount Tenbo;Point(143.125277777 43.264166666)
Volcán de Siete Fuentes;Point(-16.512916666 28.282444444)
Puy de la Combregrasse;Point(2.948055555 45.668055555)
Puy de Montrodeix;Point(3.000826 45.761538)
Q113833763;Point(5.72695 59.72491)
Q99709361;Point(-99.749219444 19.328130555)
Q97292947;Point(2.955 45.6625)
Q111209459;Point(5.20320361 50.52603601)
Stóra-Eldborg undir Geitahlíð;Point(-21.998333333 63.855833333)
Тейде;Point(-16.639166666 28.270833333)
Mount Ganseki;Point(143.1175 43.255277777)
Q109312737;Point(5.1611 60.35294)
Q113838586;Point(5.1461676 50.5066693)
Pukekiwiriki;Point(175.000366 -37.064002)
Q111207539;Point(30.44403148 69.82648897)
Донья Хуана;Point(-76.924902777 1.47075)
Гунунг-Батур;Point(115.375 -8.241944444)
Krýsuvík;Point(-22.1 63.93)
Q97190114;Point(2.883333333 45.487777777)
Mount Nishibetsu;Point(144.581666666 43.553611111)
Pulosari;Point(105.975 -6.342)
Mulciber;Point(4.281944444 54.060555555)
Q113835831;Point(5.9261 60.04115)
Q104972441;Point(167.830452777 15.390058333)
Mate Grande;Point(-73.130833 -45.591111)
Q113833917;Point(5.8315 59.75207)
Q106028265;Point(-18.766 64.8148)
Q113833368;Point(6.2619 60.36844)
Q111207407;Point(5.15806 60.32759)
Q113835288;Point(5.96665 60.19606)
Mount Takawangha;Point(-178.014167 51.869167)
Puy de la Mey;Point(2.963611111 45.710555555)
Вулкан Кропоткина;Point(99.000027777 52.704077777)
Q113838584;Point(5.14433 50.5067759)
Category:Mount Hakuun (Kamishihoro);Point(143.115277777 43.258888888)
puy de la Toupe;Point(2.943888888 45.6825)
Q109910836;Point(-98.646388888 19.187222222)
Volcán de La Atalaya;Point(-3.798888888 38.647222222)
Q113833765;Point(5.79717 59.80379)
Q111209053;Point(30.75286 69.78159)
Q114672292;Point(140.907103 40.653106)
Mount Ophir;Point(99.983333333 0.079166666)
Tajogaite volcano;Point(-17.866111111 28.612777777)
Q111209034;Point(30.66375545 69.79974423)
puy de Monteillet;Point(2.9454 45.71335)
Инаричи;Point(117.531111 56.17)
Puy de Boursoux;Point(2.94629 45.6717)
Q109311691;Point(5.1642 60.33876)
Jackson Segment;Point(-127.05 42.15)
"Blanca; Laguna";Point(-70.37 -39.02)
Unnamed;Point(158.3 52.88)
Cobb Segment;Point(-129.33 46.88)
Kana Keoki;Point(157.03 -8.75)
Korath;Point(35.88389 5.10028)
Yufu-Tsurumi;Point(131.39 33.282)
Мота (вулкан);Point(167.5 -14.2)
Egreri;Point(40.8151 12.5648)
Darkot;Point(39.8246 14.9334)
"Haylan; Jabal";Point(45.1 15.4)
Caldera de las Cañadas;Point(-16.58333 28.23333)
Медвежий (вулкан на Камчатке);Point(160.45 57.45)
Unnamed volcano;Point(-68.27 -25.1)
Uratman;Point(152.25 47.12)
West Valley Segment;Point(-128.64 48.78)
Меньшой Брат;Point(148.783333333 45.383611111)
North Gorda Ridge Segment;Point(-126.78 42.67)
Northern EPR-Segment RO3;Point(-105.43 15.83)
Vestmannaeyjar;Point(-20.266 63.416)
Lubak Garo;Point(39.887222222 14.928611111)
Koranga;Point(146.708 -7.33)
Q24032150;Point(40.233333333 13.766666666)
Манам (вулкан);Point(145.037222222 -4.08)
Mount Shifon;Point(35.7696806 33.0695361)
Monumento Natural del Montañón Negro;Point(-15.61114 28.02994)
Montaña Rajada;Point(-17.877777777 28.612222222)
Audili;Point(39.909722222 14.9325)
Нубалыкич;Point(158.416666666 56.266666666)
Escanaba Segment;Point(-127.5 40.98)
Меньшой Брат;Point(148.78764 45.38329)
Yavinsky;Point(156.629 51.533)
Tel Juhader;Point(35.8524057 32.9272577)
Милос (вулкан);Point(24.439 36.699)
Q4327496;Point(35.7555472 33.1964861)
"Ithnayn; Harrat";Point(40.2 26.58)
Dawson Strait Group;Point(150.88 -9.62)
Har Hozek;Point(35.8505889 33.0537861)
Crater Mountain;Point(145.091 -6.581)
Dola;Point(39.756388888 15.072777777)
East Blanco Depression;Point(-129.879 44.267)
Q24032606;Point(40.25 11.733)
Northern EPR-Segment RO2;Point(-105.32 16.55)
Southern EPR-Segment I;Point(-113.42 -18.53)
Romanche Fracture Zone;Point(-19.596 -0.433)
Kaena;Point(-158.772 21.822)
Galapagos Rift;Point(-86.15 0.792)
Unnamed volcano;Point(164.58 -73.45)
Йосифон;Point(35.7974222 33.0571528)
Mount Keramim;Point(35.7786889 33.2190306)
Yonemaru-Sumiyoshiike;Point(130.592 31.771)
Kara Allumta;Point(39.81 14.965555555)
Monte Roja;Point(-13.856666666 28.868333333)
Нюлкандя;Point(157.9 55.883333333)
Pico Fracture Zone;Point(-38.08 38.75)
Montaña de Ajódar;Point(-15.64058 28.1517)
Lobster;Point(-176.283 -15.333)
Tjornes Fracture Zone;Point(-17.118 66.309)
Нуси-Бе (вулкан);Point(48.483333333 -13.316666666)
Q4327234;Point(35.7852139 33.2456167)
Crater Basalt Volcanic Field;Point(-70.194 -42.018)
Николка;Point(159.85 55.35)
Марчена (вулкан);Point(-90.466666666 0.333333333)
Meullin;Point(-73.05 -45.22)
Gobbay Garo;Point(39.886111111 14.982777777)
Мэр (вулкан);Point(176.25 -37.283333333)
Олений (вулкан);Point(160.045725 56.855194444)
Малый Чекчебонай;Point(159.066666666 56.8)
Маунт-макдоналд;Point(168.4166667 -17.66666667)
Garua Harbour;Point(150.07 -5.3)
Овальный (вулкан);Point(158.968447222 56.99265)
Ambano;Point(39.901388888 14.911944444)
Reykjanes;Point(-22.566 63.85)
Новограбленова (вулкан);Point(160.616666666 57.916666666)
Fafah Le;Point(39.903888888 14.903333333)
Марион-Айленд (вулкан);Point(37.75 -46.9)
Q4327604;Point(35.7790611 33.1580778)
Udintsev Transform;Point(-143.373 -56.153)
Мутный;Point(160.383333333 57.883333333)
CoAxial Segment;Point(-129.58 46.52)
Southern EPR-Segment J;Point(-113.35 -18.175)
Начикинский вулкан;Point(162.683333333 57.85)
Unnamed pyroclastic cone;Point(37.67 5.65)
Macdonald;Point(-140.25 -28.98)
Unnamed volcano;Point(161.75 55.92)
Носичан;Point(157.933333333 55.916666666)
Chebrit Ale;Point(40.133333333 13.966666666)
Unnamed volcano;Point(147.78 -3.03)
East Gakkel Ridge at 85 E;Point(85.25 85.608)
Chiles-Cerro Negro;Point(-77.938 0.817)
Tal Saki;Point(35.8306 32.8664)
Cleft Segment;Point(-130.3 44.83)
Daghil Liddola;Point(41.239444444 13.787222222)
Southern EPR-Segment K;Point(-113.206 -17.436)
Wapi Lava Field;Point(-113.22 42.88)
Infiernillo;Point(-69.9 -35.123)
Fafah Le;Point(39.827222222 14.993055555)
Veteran;Point(109.05 9.83)
Unnamed volcanic shield;Point(158.52 52.92)
Gabuli;Point(40.266666666 13.666666666)
Tall al Jaynah;Point(36.783333333 32.7)
Q21586599;Point(39.773611111 35.643333333)
Q21054843;Point(-87.05 12.704444444)
Q25175554;Point(-89.366666666 14.633333333)
Puy de Jume;Point(2.96556 45.84667)
Q21593950;Point(36.730833333 33.541388888)
Volcán de Sanaré;Point(-69.587222222 9.76)
Q21054856;Point(-86.1675 11.984722222)
Q21584843;Point(37.098333333 33.162222222)
Q25182350;Point(-90.2803 14.1661)
Q25182146;Point(-91.516666666 14.8)
Q21591900;Point(36.73 33.532777777)
Q21593515;Point(40.5648 35.6709)
Q21583690;Point(37.141666666 33.229444444)
Q21591864;Point(37.35303 33.20025)
Q25182256;Point(-91.655 14.79)
Takawangha;Point(-178.006 51.873)
Q21586602;Point(39.4333 35.4975)
Koniuji;Point(-175.13 52.22)
Q21052591;Point(-86.653055555 12.378055555)
Q21591882;Point(37.325 33.469444444)
Q25283004;Point(-84.9342 14.9792)
Mount Ondake;Point(128.84888056 32.656625)
Iamalele;Point(150.53 -9.52)
Q21054839;Point(-86.295277777 12.233055555)
Q25182270;Point(-90.6 14.383333333)
Q21591913;Point(37.1573 33.3689)
Q21583870;Point(37.1967 33.035)
Q21584543;Point(37.2917 33.5203)
Q21054845;Point(-86.6675 12.489444444)
Q25180068;Point(-90.583333333 14.383333333)
Q21591914;Point(37.150277777 33.385833333)
Q25177627;Point(-90.6 14.45)
Golden Trout Creek;Point(-118.32 36.358)
Q25177439;Point(-90.583333333 14.45)
Q21596965;Point(37.3425 33.183888888)
Q25181918;Point(-90.0364 14.4753)
Q25161950;Point(25.3889 36.36)
Q25164419;Point(25.396111111 36.404444444)
Q21594939;Point(36.725833333 33.5075)
Q21594935;Point(36.7425 33.5075)
Q25182251;Point(-90.6 14.4)
Aliso;Point(-78.0 -0.53)
Q21584453;Point(36.983611111 33.2425)
Q25277046;Point(-88.383333333 14.833333333)
Q21586973;Point(37.074722222 33.250555555)
Q21594940;Point(36.721388888 33.5025)
Q25179632;Point(-89.8842 14.3167)
Q21583441;Point(36.016666666 33.2)
Q21591902;Point(36.9965 33.6189)
Q25177859;Point(-89.75 14.55)
Q25177591;Point(-89.726666666 14.211944444)
Q21586153;Point(37.199722222 33.05)
Q21585183;Point(40.0084 35.6939)
Q21591868;Point(37.2953 33.1231)
Cerro La Mariposa;Point(-90.616666666 14.466666666)
Coleman Seamount;Point(157.16 -8.841)
Q21594936;Point(36.731111111 33.525277777)
Puy de la Coquille;Point(2.96222 45.84194)
San Diego;Point(-74.961 5.65)
Q21594934;Point(36.733888888 33.506111111)
Q21054848;Point(-86.688333333 12.496111111)
Q21586903;Point(37.2272 33.5317)
Chirippusan;Point(147.92 45.338)
Dos Crateres;Point(-68.6 -25.6)
Q20010113;Point(130.215833333 30.438888888)
Q21591866;Point(37.27222 33.02778)
Q21591865;Point(37.286111111 33.197222222)
Анатахан (вулкан);Point(145.657777777 16.355277777)
Q21589492;Point(37.167777777 33.075)
Q21583709;Point(37.0557 33.31)
Q25180030;Point(-90.0 14.3)
Q21054850;Point(-86.538611111 12.424722222)
Q21587081;Point(37.0008 33.3358)
Puy Giroux;Point(3.076388888 45.704722222)
Анатахан (вулкан);Point(145.66666667 16.35)
Volcán Congo;Point(-84.233333333 10.25)
Cerro de Asososca;Point(-86.675833333 12.453333333)
Q21589724;Point(37.14788 33.11738)
Hargy;Point(151.1 -5.33)
Q21586480;Point(37.0925 33.1858)
Q21591028;Point(37.175555555 33.100833333)
Puy de Chaumont;Point(2.96972 45.82444)
Q21054993;Point(-86.81488037 12.58133984)
Q21596961;Point(37.417777777 33.178055555)
Q25177350;Point(-91.7 14.816666666)
Q21593949;Point(36.732222222 33.550277777)
Q25280963;Point(-88.7892 14.2567)
Q21054853;Point(-86.816666666 12.6)
Q26271087;Point(3.368055555 43.304444444)
Q25177770;Point(-90.583333333 14.466666666)
Q25276004;Point(-86.7058 15.1658)
Q21593951;Point(36.737777777 33.540555555)
Большой Арарат;Point(44.300380555 39.702761111)
Q21586598;Point(39.9737 35.7027)
Dutton;Point(-162.276 55.183)
Bouillante Chain;Point(-61.75 16.12)
Q20024722;Point(-86.96417 12.69348)
Cerro Morazurco;Point(-77.2407 1.2706)
Argo Point;Point(-60.92 -66.25)
Q27800866;Point(-113.390277777 31.846666666)
Q27846612;Point(-97.43 19.223611111)
Puy Pelat;Point(2.94884 45.72508)
Акнасар;Point(44.934166666 40.291083333)
Takurayama;Point(134.918055555 35.345833333)
Puy de Monchier;Point(2.94871 45.74724)
Cerro Copitiro;Point(-102.052222222 19.486111111)
Volcan Prieto;Point(-114.655555555 30.224722222)
Gran Cratere;Point(14.9657 38.40417)
Volcán Pihuel;Point(-69.405 -36.1042)
Volcan Ceniza;Point(-115.973611111 30.445555555)
Volcán Xaltepec;Point(-99.0306 19.3198)
Mount Carling;Point(124.669166666 9.216111111)
Q21791896;Point(-67.9425 -22.3283)
Puy de Laschamps;Point(2.95182 45.73417)
Q21596969;Point(37.140277777 33.390833333)
Cerro El Llahuacuaro;Point(-102.24 19.426111111)
Q21804634;Point(-67.965 -22.0542)
Cerro Volcán;Point(-68.4348 -27.7945)
Las Derrumbadas;Point(-97.4575 19.288055555)
Cerro La Tinaja;Point(-101.520555555 19.169166666)
Volcán San Juan;Point(-104.97382 21.47287)
Butay;Point(124.766388888 9.116388888)
Volcán El Tepalcate;Point(-104.290833333 24.050277777)
Monte Barbaro;Point(14.116666666 40.85)
Алучин;Point(165.4 66.1)
Nevado Tres Cruces Central;Point(-68.786472222 -27.068638888)
Cerro Volcán;Point(-70.7905 -46.6619)
Аогасима;Point(139.759 32.458)
Segundo Cono Truncado;Point(-69.3433 -48.5658)
Old South Volcano Caldera Rim NorthEast;Point(145.742777777 18.079722222)
Volcán Sapicho;Point(-102.248333333 19.495833333)
Puy de Barme;Point(2.93116 45.73806)
Q30144976;Point(14.107504 40.849575)
Morro de los Volcanes;Point(-65.0408 -25.3833)
Khulugayshi;Point(102.5 52.0)
Q21596979;Point(37.2559 33.4477)
Q27800868;Point(-113.448333333 31.983611111)
Volcán Rojo;Point(-68.3237 -27.1498)
Jibāl al Abyaḑ;Point(39.970555555 25.661388888)
Puy de Beaune;Point(2.94895 45.7298)
Q27817805;Point(-112.572777777 27.514166666)
Q21596971;Point(37.388333333 33.259444444)
Farallon Negro;Point(-66.55 -27.25)
Stromboli;Point(15.21 38.79)
Q27778587;Point(-99.4622 19.0353)
Wonchi;Point(38.01111111 8.84277778)
Montaña Timbaiba;Point(-13.643 29.06017)
Chato Aislado;Point(-68.81 -25.98)
Cerro La Alberca;Point(-102.296944444 19.364444444)
Q21805655;Point(-67.7583 -22.0389)
Minokol;Point(124.65 9.216666666)
Volcan Cerro Blanco;Point(-109.525833333 29.603055555)
Cerro La Perita;Point(-102.20503 19.45579)
Cerro Pizarro;Point(-97.437777777 19.508888888)
Cerro La Pastoria;Point(-113.671666666 31.993333333)
Montaña Tinache;Point(-13.67358 29.05142)
Q21596966;Point(37.2209 33.0699)
Kalem;Point(6.61782 50.18587)
Q21597044;Point(37.2 33.5)
Q27800864;Point(-113.770833333 31.987777777)
Mount Io;Point(130.85333 31.94667)
Puy de Montchar;Point(2.94429 45.73336)
Cerro El Cohetero;Point(-102.3327 19.27184)
Campana;Point(124.708333333 9.208333333)
Cerro Colorado;Point(-113.3007 31.9126)
Cerro El Chupadero;Point(-102.29017 19.31014)
Kerimasi volcano;Point(34.980555555 -2.431666666)
Cerro El Costillón;Point(-102.301944444 19.303333333)
Балут (вулкан);Point(125.374444444 5.398611111)
Cerro Tolar;Point(-67.292777777 -27.359166666)
puy de Tressous;Point(2.951 45.86299)
Q27846615;Point(-97.545833333 19.221388888)
Cerro Jicalmi;Point(-102.077222222 19.3925)
Cono Truncado;Point(-69.433333333 -48.533333333)
Camiguin Volcano;Point(124.646666666 9.215277777)
Volcán Seco;Point(-98.405 19.971111111)
Cerro Volcán Overo;Point(-70.0202 -34.5734)
Mount  Spina;Point(14.163581 40.829323)
Volcán El Molcajete;Point(-104.7818 21.4766)
Volcán El Planchon;Point(-70.5717 -35.22)
Volcán El Tezontle;Point(-104.084444444 24.130555555)
Hibochiboc Volcano;Point(124.670277777 9.204166666)
Crater Jachcha Phia;Point(-68.75306 -18.60472)
Cerro de Afuera;Point(-102.28249 19.28677)
Puy de Fraisse;Point(2.96252 45.80463)
Mount Aono;Point(131.798055555 34.4625)
Volcán Negro;Point(-68.38 -27.099722222)
Crater Jiskha Phia;Point(-68.75361 -18.61528)
Volcán Santa María;Point(-69.3242 -36.3017)
Q27851271;Point(-104.5375 24.416388888)
Parker Volcano;Point(124.8897 6.1144)
Volcán Tres Picos;Point(-69.3584 -48.4362)
Puy des Gouttes;Point(2.950231 45.824078)
Cerro Volcán Grande;Point(-71.224444444 -47.031388888)
Camaldoli;Point(14.1914 40.8575)
Mount Pangasun;Point(121.9515 19.5251)
Фаградальсфьядль;Point(-22.2725 63.905)
puy de Clierzou;Point(2.959722222 45.794722222)
Cerro El Molcajete;Point(-104.410555555 21.050833333)
Cerro Volcán el Molcajete;Point(-100.484444444 19.409444444)
Volcán San Isidro;Point(-103.74956 19.62724)
Volcán Toxtepec;Point(-99.15032 19.16211)
Cerro Escalerilla;Point(-103.705555555 18.783611111)
Cerro Sapién;Point(-102.10263 19.45112)
Volacn Cohuazalo;Point(-98.91587 19.10435)
Сопка Боран;Point(132.894166666 44.121388888)
Volcán Tioca;Point(-99.09374 19.20447)
Volcán Chalchihuites;Point(-99.302777777 19.106944444)
Cerro El Colorado;Point(-102.16873 19.42476)
Volcán Tulmiac;Point(-99.116666666 19.135277777)
Cerro Pario;Point(-102.183888888 19.470277777)
Cerro Volado;Point(-97.607222222 17.403611111)
Volcán Ahuazatepel;Point(-98.91987 19.09752)
Volcán Emerenciano;Point(-99.38012 19.24718)
Cerro El Jabalí;Point(-102.11325 19.45045)
Volcán Texoxocol;Point(-99.230833333 19.152777777)
Volcán Tepetzingo;Point(-99.4419 19.0596)
Volcán Jumento;Point(-99.313611111 19.209444444)
Volcán Tlapexcua;Point(-98.90651 19.09934)
Cerro Itzhuitz;Point(-92.40866 16.48941)
Volcán Tuxtepec;Point(-99.45736 19.09894)
Volcán La Erita;Point(-103.75707 19.65145)
Volcán Moyocalco;Point(-98.93107 19.0834)
Cerro Estiladero;Point(-102.1975 19.444444444)
Volcán Malacatepetl;Point(-99.256388888 19.164444444)
Volcán Manteca;Point(-99.177777777 19.089722222)
Сопка Митькина;Point(131.255555555 43.669166666)
Volcán El Caballito;Point(-99.1825 19.089166666)
Cerro Grande;Point(-103.953888888 19.515)
Volcán Tres Cruces;Point(-99.47784 19.09476)
Cerro El Puerto;Point(-102.03624 19.47546)
Volcán Piripitillo;Point(-99.11933 19.1182)
Cerro Los Pozos;Point(-102.0225 19.772222222)
Вулкан Сноу;Point(150.864722222 46.511944444)
Cerro El Rosario;Point(-102.155833333 19.438611111)
Volcán Tuxtepec;Point(-99.10068 19.12153)
Volcán Yololica;Point(-99.1802 19.2203)
Volcán Xictle;Point(-99.221944444 19.2475)
Volcán Texontepec;Point(-99.414444444 19.243611111)
Volcán Mazcuta;Point(-101.66199 19.74753)
Volcán Tetzacoatl;Point(-99.128055555 19.138888888)
Volcán El Comalito;Point(-102.5546 19.77722)
Сопка Рыжая;Point(132.826388888 44.141111111)
Volcán Rancho Seco;Point(-101.473333333 19.617777777)
Volcán Gordo;Point(-100.127777777 18.8525)
Volcán San Isidro;Point(-101.431111111 19.519444444)
Cerro Subida El Caracol;Point(-92.59515 16.66518)
Volcán Santa de Mezapa;Point(-99.447222222 19.165555555)
Volcán Tomasquillo;Point(-99.388888888 19.169722222)
Volcán Yecahuazac;Point(-99.097777777 19.076111111)
Volcán La Comalera;Point(-99.1074 19.1092)
Volcán El Molcajete;Point(-101.36332 19.74565)
Cerro Las Varas;Point(-102.129166666 19.463888888)
Volcán El Malacate;Point(-101.36817 19.7358)
Volcán Quimixtepec;Point(-99.12615 19.06159)
Volcánes Cuates;Point(-99.443333333 19.193611111)
Volcán Cajete;Point(-99.246 19.1063)
Cerro Chino;Point(-102.105833333 19.414722222)
Volcán Tehualtepec;Point(-99.4001 19.2186)
Сопка Маяк;Point(132.975555555 44.117222222)
Volcán La Silva;Point(-99.375833333 19.180555555)
Cerro Ordáz;Point(-102.008055555 19.801666666)
Volcán Cuatzontle;Point(-99.21235 19.24089)
Volcán Xictontle;Point(-99.22742 19.24503)
Volcán Tezontle;Point(-99.2607 19.0554)
Volcán Xistune;Point(-99.006944444 19.145833333)
Volcán Teconto;Point(-99.37651 19.1966)
Cerro Antzitacuaro;Point(-102.07045 19.76083)
Cerro Tumbiscatillo;Point(-102.172777777 19.464722222)
Сопка Рядая;Point(132.8773 44.331)
Volcán El Quilotzi;Point(-99.445277777 19.217222222)
Volcanes los Otates;Point(-99.118611111 19.064444444)
Cerro Las Yerbas;Point(-102.03154 19.77112)
Cerro Mancira;Point(-103.5226 18.5331)
Volcán La Tinaja;Point(-100.1002 18.8516)
Cerro El Derrumbadero;Point(-102.008888888 19.773611111)
Volcán El Estribo;Point(-101.643611111 19.51)
Volcán Zompole;Point(-99.115555555 19.204444444)
Cerro Las Vueltas;Point(-102.186111111 19.250555555)
Volcán Atlalcorra;Point(-98.89399 19.10917)
Volcán San Miguel;Point(-99.004444444 19.1625)
Volcán Man Nal;Point(-99.2199 19.2232)
Сопка Красная;Point(132.959166666 44.150277777)
Volcán Ocusacayo;Point(-99.0691 19.1433)
Volcán Sajo;Point(-101.43138 19.74686)
Cerro El Cajete;Point(-102.04223 19.47328)
Volcán El Comal Chico;Point(-103.796111111 19.74)
Сопка Обор;Point(134.794722222 47.415555555)
Cerro La Batea;Point(-102.153333333 19.129722222)
Volcán El Jorullo;Point(-101.7169 18.972)
Cerro Catzicapacuaritiro;Point(-102.057777777 19.763055555)
Cerro Huahuarua;Point(-102.0625 19.762777777)
Volcán Cuautl;Point(-99.421388888 19.165833333)
Vulkan Taketomi;Point(155.6744 50.845)
Volcán Pajonal;Point(-99.04183 19.07822)
Сопка Обрубленная;Point(132.809722222 44.085277777)
Volcán El Molcajete;Point(-99.9465 18.92846)
Volcán El Hoyo;Point(-99.1688 19.08969)
Cerro Ciricuti;Point(-102.176944444 19.435833333)
Volcán Ocoxusco;Point(-98.90795 19.07149)
Cerro Santa María;Point(-85.317222222 10.810555555)
Mount Lolobau;Point(151.1577 -4.9146)
Q22428829;Point(-72.6126 -43.1132)
Black Butte Crater Lava Field;Point(-114.352 43.183)
Volcán Huipilo;Point(-98.8843 19.04995)
Seamount X;Point(144.02 13.25)
Volcán Jechapita;Point(-72.311111111 -15.534444444)
Volcán Auvernia;Point(-68.18 -48.4494)
Volcán Aholo;Point(-98.85452 19.09221)
Q23649179;Point(17.833333333 28.582777777)
Volcan Puntas Negras;Point(-67.5401 -23.7455)
Volcán La Cumbre;Point(-91.539444444 -0.371388888)
Los Volcanes;Point(-69.5175 -36.4285)
Kita-Bayonnaise;Point(139.85 32.1)
Etorofu-Atosanupuri;Point(147.131 44.808)
Lassen Volcanic Center;Point(-121.508 40.492)
Volcán del Aire;Point(-98.91265 19.02337)
Volcán Marhuas;Point(-72.016944444 -15.480555555)
Q22428774;Point(-68.011944444 -22.431944444)
Q22428792;Point(-71.64875 -38.31458)
Малинтанг;Point(99.67 0.47)
Batcha;Point(10.327777777 5.091666666)
Volcán Cuatepel;Point(-98.86 19.0937)
Toroeng Prong;Point(108.0 14.93)
Haut Dong Nai;Point(108.2 11.6)
Kinrara Crater;Point(144.9135 -18.4147)
Mount Uluman;Point(145.9717 -4.6528)
Ruby;Point(145.57 15.62)
South Sarigan Seamount;Point(145.78 16.58)
Volcán Challhue Mauras;Point(-72.3375 -15.372222222)
Cerro Cono Fontana;Point(-71.438055555 -45.025277777)
Q22701045;Point(-72.02808 -39.91816)
Q23659778;Point(-109.383333333 -27.083333333)
Merewether Crater;Point(-64.0082 58.0267)
Volcán Pabellón Mauras;Point(-72.461388888 -15.29)
Volcan Karibumba;Point(29.366666666 0.357222222)
Q22428732;Point(-72.0599 -40.3609)
Volcanes Los Callos;Point(-69.613888888 -36.645555555)
Q22428651;Point(-72.445555555 -42.799166666)
Volcán El Jinete;Point(-69.6032 -36.5985)
Endeavour Segment;Point(-129.1 47.95)
Mbetpit;Point(10.713055555 5.517777777)
Tlevak Strait-Suemez Is.;Point(-133.3 55.25)
Volcán del Hoyo;Point(-69.1 -36.15)
Volcán Elisabeth;Point(-69.7683 -48.31)
Volcán La Caldera;Point(-98.9706 19.3384)
Volcán Zoyazal;Point(-98.88958 19.05746)
Вулкан Блесака;Point(36.714166666 45.352777777)
Choquelimpie;Point(-69.27833333 -18.30527778)
Volcán de Cochiquito;Point(-69.834722222 -36.738333333)
Cerro Negro;Point(-67.29 -27.314166666)
Volcán Juncal;Point(-66.805 -24.7675)
Volcán Tungurahua;Point(-78.42444 -1.46667)
Batapona Mountain;Point(147.294444444 -2.543055555)
Silver Lake;Point(-121.841 40.731)
Volcán Amoloc;Point(-98.87549 19.10727)
Cerro Toloncha;Point(-67.975 -23.938333333)
Volcán Quinsachata;Point(-71.3566 -14.1626)
Bana;Point(10.329444444 5.143611111)
Middle Gobi;Point(106.7 45.28)
Pico Cónico Truncado;Point(-69.3 -48.75)
Inyo Craters;Point(-119.01666 37.6916)
Srednii;Point(152.92 47.6)
Volcán Huehuel;Point(-98.94704 19.08305)
Cerro Tralihue;Point(-70.8983 -38.5092)
Forecast Seamount;Point(143.92 13.4)
Volcán Chilcayoc Grande;Point(-72.288333333 -15.536388888)
Mount Malala;Point(150.1016 -5.0514)
Cerro Morado;Point(-67.258055555 -27.347222222)
Volcán Santo Tomás;Point(-91.1325 -0.821666666)
Cerro Negro;Point(-68.4 -25.01667)
Volcán Quizapú;Point(-70.757222222 -35.637222222)
Volcán Huehuelcon;Point(-98.93765 19.08387)
Stepovak Bay 2;Point(-160.041 55.913)
Volcán Dolo;Point(-68.733333333 -36.316666666)
Q22473823;Point(-68.466666666 -20.65)
Cerro Mirador;Point(-72.73249 -42.32746)
North Norfolk Plateau;Point(168.63333 -25.78333)
Craters of the Moon;Point(-113.5 43.42)
Volcán Misahuana Mauras;Point(-72.484722222 -15.260555555)
Maelifell;Point(-18.938 63.799)
Cerro Alumbrera;Point(-67.424166666 -26.1425)
Volcanes Chilcayoc;Point(-72.312777777 -15.523333333)
Cerros de Punguichay;Point(-72.2154 -39.4784)
Escorial de la Media Luna;Point(-69.316666666 -36.233333333)
Behm Canal-Rudyerd Bay;Point(-131.05 55.32)
Stepovak Bay 4;Point(-159.954 55.954)
Sand Mountain Field;Point(-121.93 44.38)
Volcán Reventador;Point(-77.67 -0.675555555)
Q22428754;Point(-67.682777777 -23.363055555)
Odamoisan;Point(147.918 45.028)
Volcán del Manantial;Point(-67.9967 -26.7167)
Volcán Jenchaña;Point(-72.3475 -15.52)
Cerro Alto del Volcán;Point(-67.2853 -27.396)
Pichincha Volcano;Point(-78.61263 -0.17082)
Stepovak Bay 3;Point(-160.002 55.929)
Volcán Yana Mauras;Point(-72.433333333 -15.318333333)
El Viejo Volcano;Point(-84.328888888 10.26)
Tana;Point(-169.77 52.83)
Боравли (вулканический купол);Point(41.45 11.633333333)
Сопка Лысая;Point(134.359166666 46.857777777)
Больше-Банная;Point(157.766666666 52.9)
Sopka Bol'shaya;Point(133.909444444 46.563055555)
Сопка Васильева;Point(134.288333333 46.899444444)
Тенорио;Point(-85.015 10.672777777)
Fueguino;Point(-70.25 -54.95)
Окинское плато;Point(98.983333333 52.7)
Grand Sarcoui;Point(2.9822 45.8145)
Куикоча;Point(-78.361666666 0.302222222)
Михара;Point(139.3988 34.7276)
Sopka Karasukskaya;Point(85.661666666 52.294722222)
Сопка Каменистая Грива;Point(134.26 46.985)
Tahual;Point(-89.9 14.43)
Puntiagudo-Cordón Cenizos;Point(-72.263888888 -40.969444444)
Гарелой;Point(-178.803055555 51.786666666)
Пико-Вьехо;Point(-16.664722222 28.263888888)
Вулкан Ново-Бакенинг;Point(158.098055555 53.943888888)
Сопка Видная;Point(134.353055555 46.899166666)
Le Grand Suchet;Point(2.95528 45.7906)
Сопка Большая Грива;Point(134.213888888 46.928611111)
Гедамса;Point(39.183333333 8.35)
Прево;Point(152.115 47.011111111)
Tinguiririca Volcano;Point(-70.351944444 -34.813611111)
Большой Чекчебонай;Point(159.433333333 56.9)
Бразерз;Point(179.075277777 -34.874722222)
Пулар (вулкан);Point(-68.0665 -24.2005)
Тендюрек;Point(43.8743324 39.3555574)
Тоба;Point(98.883333333 2.566666666)
Вулкан Келля;Point(157.35 51.65)
Сопка Маячная;Point(134.315277777 45.891111111)
Михара;Point(139.394722222 34.724444444)
Бонгабти;Point(158.333333333 55.833333333)
Cerro Macá;Point(-73.169166666 -45.105833333)
Сопка Маячная;Point(134.410277777 46.693611111)
Sopka Kamenistaya;Point(133.82656 46.17554)
Sopka Khutorskaya;Point(85.730833333 52.26)
Сопка Вострушна;Point(134.164166666 46.841388888)
Mount Sukaria;Point(121.77 -8.792)
Горящая Сопка;Point(151.751388888 46.831666666)
Helgafell;Point(-20.2601 63.4293)
Sopka Yerëmina;Point(133.893055555 46.186666666)
Гедамса;Point(39.18034 8.35554)
Сопка Маячная;Point(134.421111111 46.901111111)
Linzor;Point(-67.966666666 -22.15)
Sopka Talitskaya;Point(85.676388888 52.291388888)
Сопка Козья;Point(134.340277777 46.698055555)
Hveravellir;Point(-19.556676 64.865296)
Fort Portal;Point(30.25 0.7)
Сопка Заикина;Point(134.348055555 46.985555555)
Linzor;Point(-67.96667 -22.15)
Большой (вулкан);Point(157.8 56.466666666)
Куикоча;Point(-78.362777777 0.300555555)
Сопка Острая;Point(133.996944444 46.418333333)
Сопка Граничная;Point(134.449166666 46.748611111)
Львиная Пасть;Point(147.0 44.61667)
Львиная Пасть;Point(146.993888888 44.608333333)
Sopka Koftuna;Point(134.033055555 45.848055555)
Сопка Каменистая;Point(134.386111111 46.8325)
Сопка Дом;Point(134.480833333 46.890833333)
Вулкан Шмидта;Point(160.63 54.92)
Бонгапчи;Point(158.333333333 55.833333333)
Сопка Угловая;Point(134.391388888 46.7275)
Сопка Малогуминская;Point(134.377777777 46.789444444)
Иэттунуп;Point(161.066666666 58.4)
Сопка Востряки;Point(134.174166666 46.881944444)
Сопка Албан;Point(134.160833333 46.678333333)
Vulkan Il'inskiy;Point(157.2039 51.4991)
Сопка Скалистая;Point(158.168888888 52.541666666)
Mono Lake Volcanic Field;Point(-119.03 38.0)
Sopka Ded;Point(156.583333333 51.316666666)
Sopka Kinchoklok;Point(159.7825 55.3658)
Сопка Пасечная;Point(134.073333333 46.728055555)
Hydrographers Range;Point(148.33521 -8.96006)
Сопка Фигурная;Point(131.6424 43.4478)
Rumble II West;Point(178.527 -35.353)
Vulkan Trezubets;Point(150.103333333 46.066666666)
Сопка Пиратковский Пик;Point(157.850277777 52.111111111)
Tavui;Point(152.2 -4.12)
Sopka Dvugorbaya;Point(158.1455 52.5154)
Vulkan Chernogo;Point(150.866666666 46.522222222)
Vulkan Chirinkotan;Point(153.479722222 48.980555555)
Сопка Меркурьевская;Point(131.8569 43.6235)
Managlase Plateau;Point(148.33 -9.08)
Вулкан Экарма;Point(153.941388888 48.9475)
Doma Peaks;Point(143.15 -5.9)
Hydrographers Range;Point(148.61666667 -9.0)
Vulkan Anaun;Point(158.48 56.5275)
Sopka Barkhatnaya;Point(158.216111111 52.824444444)
Сопка Высокая;Point(134.103333333 46.670833333)
Gallego;Point(159.73 -9.35)
Сопка Острая;Point(158.198611111 53.119722222)
Vulkan Konradi;Point(160.553611111 55.0925)
Sopka Aligey;Point(160.533333333 57.966666666)
Yomba;Point(146.717 -4.883)
Сопка Междуречье;Point(158.123333333 52.631944444)
Vulkan Ichinskaya Sopka;Point(157.718 55.6786)
Sopka Baydara;Point(161.5883 59.305)
Соляная Сопка;Point(111.5 74.0)
Sopka Dlinnaya;Point(158.229166666 52.561944444)
Vulkan Dzenzurskiy;Point(158.74 53.6392)
Vulkan Alaid;Point(155.555277777 50.859444444)
NW Eifuku;Point(144.043 21.485)
Вулкан Средний;Point(160.577777777 56.110833333)
Sopka Krasnaya;Point(160.025 57.144166666)
Sopka Asacha;Point(157.8295 52.3555)
Vulkan Uzon;Point(159.915555555 54.511666666)
Samsari Volcanic Center;Point(43.7 41.542)
Вулкан Малая Удина;Point(160.618055555 55.743888888)
Вулкан Мутновская Сопка;Point(158.1977 52.4484)
Вулкан Масса;Point(161.2292 59.0883)
Sopka Goryachaya;Point(158.151666666 52.810555555)
Sopka Kamennaya;Point(158.19 52.596944444)
Сопка Шапка;Point(131.721388888 43.431111111)
Сопка Кяменистая;Point(131.718888888 43.379722222)
Sopka Zhirovaya;Point(158.238611111 52.613888888)
Vulkan Kambal'naya Sopka;Point(156.875833333 51.303888888)
West Eifel Volcanic Field;Point(6.85 50.17)
Sessagara;Point(149.13 -9.48)
Сопка Голая;Point(131.759722222 43.474444444)
Vulkan Tolbachikskiy;Point(160.391944444 55.8225)
Вулкан Жупановская Сопка;Point(159.111666666 53.590277777)
Сопка Харьковка;Point(131.6799 43.4836)
Сопка Паратунка;Point(158.039722222 52.6575)
Сопка Саровские Дачи;Point(134.3539 46.0925)
Vulkan Tsentral'nyy Semlyachik;Point(159.926666666 54.293333333)
Сопка Большой Солнцепек;Point(134.378333333 46.952222222)
Madilogo;Point(147.57 -9.2)
Traitor's Head;Point(169.238 -18.754)
Vulkan Buryashchiy;Point(159.974722222 54.327777777)
Сопка Клепочная;Point(131.871111111 43.562222222)
Vulkan Komarova;Point(160.725277777 55.033611111)
Сопка Шагаевская;Point(162.5851 57.5449)
Vulkan Bol'shoy Semlyachik;Point(160.024166666 54.315555555)
Sopka Dondur;Point(108.3683 52.4108)
Vulkan Kronotskaya Sopka;Point(160.53201 54.75262)
Witori;Point(150.516 -5.576)
Vulkan Zheltovskaya Sopka;Point(157.3281 51.5771)
Vulkan Unana;Point(159.7175 54.642777777)
Вулкан Попутный;Point(160.0783 55.0775)
Vulkan Kamen';Point(160.594722222 56.019444444)
Suretamatai;Point(167.47 -13.8)
Гора Начикинская;Point(162.6928 57.8405)
Lolo;Point(150.509 -5.466)
Гора Шишель;Point(160.376 57.4397)
North Vate;Point(168.353 -17.47)
Vulkan Zavaritskogo;Point(151.9917 46.904)
Sopka Khodutka;Point(157.710277777 52.062222222)
Vulcan Neozhidannyy;Point(156.027777777 50.679166666)
Vulkan Chikurachki;Point(155.458611111 50.3225)
"Rahah; Harrat ar";Point(36.17 27.8)
Вулкан Плоский;Point(160.47049 56.06943)
Yelia;Point(145.858 -7.05)
Sopka Krasnaya;Point(158.05 52.611666666)
Сопка Углевая;Point(134.108888888 46.702777777)
Nonda;Point(156.6 -7.67)
Dugong;Point(-175.725 -15.431)
"Uwayrid; Harrat";Point(37.25 27.08)
Vulkan Dvor;Point(159.434444444 54.085277777)
Vulcan Tatarinova;Point(155.455 50.305555555)
"Marha; Jabal el-";Point(44.236 15.245)
Vulkan Ketoy;Point(152.4388 47.3415)
Niuatahi;Point(-174.003 -15.379)
Сопка Каменная;Point(134.442777777 46.951111111)
Вулкан Райкоке;Point(153.2481 48.2915)
Sopka Aynel'kan;Point(160.387222222 57.493611111)
